"","otu_id","treatment","2.5%","50%","97.5%","p_val"
"1","OTU_1","Control",-0.0192892287625267,0.0829328841823002,0.18614317332268,0.07
"2","OTU_1","Warming",0.194102858206048,0.378418955230135,0.543590909929009,0
"3","OTU_10","Control",0.000922646552397744,0.12369258185642,0.231702053656369,0.023
"4","OTU_10","Warming",0.21778794009335,0.401675491326715,0.530797871265599,0
"5","OTU_10017","Control",-0.0660871137656962,0.108245157367867,0.301849040529072,0.106060606060606
"6","OTU_10098","Control",-0.102633971085581,0.10910927349988,0.469205200873467,0.1825
"7","OTU_10098","Warming",0.189448384793477,0.512862080120429,0.827523744435976,0
"8","OTU_101","Control",-0.0476595605510747,0.0389184571721307,0.131938883929464,0.197
"9","OTU_101","Warming",0.155295917433092,0.261580350857281,0.364111602838557,0
"10","OTU_1014","Control",-0.0994877840792402,0.0207424378364989,0.140262127963935,0.366583541147132
"11","OTU_1014","Warming",-0.0541788957113552,0.103440929207957,0.276634868431197,0.109947643979058
"12","OTU_10142","Control",-0.0438759596223831,0.183016893012594,0.485017966197731,0.0952380952380952
"13","OTU_10142","Warming",0.256443983256934,0.427066400328708,0.644212378101422,0
"14","OTU_1016","Warming",0.0109161858231897,0.397982868420141,0.67722959743284,0.0165289256198347
"15","OTU_102","Warming",0.0616226650997295,0.262454832700348,0.476470608810927,0
"16","OTU_1036","Warming",0.072464865597173,0.204470525585998,0.364350242036695,0
"17","OTU_10372","Control",0.0729083393068963,0.157330223702889,0.251122548674303,0
"18","OTU_1046","Warming",-0.0359492968008146,0.10535709966809,0.198910143736429,0.0795454545454546
"19","OTU_1047","Control",-0.0147841136602287,0.12923289609946,0.264305601205886,0.041
"20","OTU_1047","Warming",0.47569632739121,0.632985211998007,0.731173966771672,0
"21","OTU_105","Control",-0.222165669069251,-0.0577352656704989,0.101939760531485,0.753554502369668
"22","OTU_1052","Control",-0.233831833542841,-0.0120440463714206,0.156178098337965,0.566844919786096
"23","OTU_10566","Warming",0.159080676852193,0.34523759636498,0.587290598752702,0
"24","OTU_106","Control",-0.0572009121979442,0.00774310949027953,0.0740828731610746,0.39154616240267
"25","OTU_10633","Control",-0.185654110515105,0.0910012073939209,0.431973675745327,0.266187050359712
"26","OTU_10633","Warming",0.137705547165166,0.360957367144741,0.658954056497571,0
"27","OTU_1066","Control",-0.38074203225583,-0.0847633135361993,0.184936829890545,0.723809523809524
"28","OTU_1066","Warming",-0.00150196130101123,0.17886095462735,0.422218648818473,0.0271493212669683
"29","OTU_10677","Control",-0.138424729732074,0.0211480925328399,0.189412006905714,0.405797101449275
"30","OTU_1069","Control",0.230391912980929,0.344791340357626,0.486923344049137,0
"31","OTU_107","Control",0.0172123591204601,0.116527455807874,0.227325265105408,0.012
"32","OTU_107","Warming",0.398905159839322,0.512387341194583,0.644552900587967,0
"33","OTU_10707","Warming",0.0909204686892854,0.343352829637325,0.72000458997292,0
"34","OTU_1074","Control",0.0127974749641818,0.122486643511461,0.226901572879845,0.014
"35","OTU_1074","Warming",0.197011840227341,0.315930829389593,0.42094066876819,0
"36","OTU_108","Control",-0.0923147290981024,0.0187237133950741,0.134057189937117,0.376
"37","OTU_10806","Warming",0.0414528706422283,0.165511234774348,0.288838490607425,0
"38","OTU_109","Warming",0.035534348173524,0.271542554892353,0.514986207088718,0.0218978102189781
"39","OTU_11","Control",-0.0290975204500041,0.0536492264391402,0.136060543141182,0.112
"40","OTU_11","Warming",0.130193035861473,0.230505052964499,0.326215505904131,0
"41","OTU_110","Control",-0.0996066309998267,0.0432347402849663,0.201835240037734,0.323943661971831
"42","OTU_11012","Control",-0.132461165529786,0.0559708150754305,0.206751107928793,0.286407766990291
"43","OTU_1107","Warming",-0.109592379521666,0.106845642562016,0.444741353117843,0.190058479532164
"44","OTU_110784","Control",-0.175151549839673,-0.0066857407402471,0.180536351035073,0.532786885245902
"45","OTU_110784","Warming",0.166474811783073,0.369845961140428,0.583552567517044,0
"46","OTU_111","Control",-0.138601298242725,0.0542438701684922,0.242832170283554,0.333333333333333
"47","OTU_111","Warming",-0.111056101937581,0.123176542151802,0.384939091870922,0.175438596491228
"48","OTU_1119","Control",0.0356299088155645,0.144034294204885,0.262880368658286,0.002
"49","OTU_1119","Warming",0.406078019994706,0.53352215156113,0.656968202021407,0
"50","OTU_1127","Control",-0.115515363750483,0.169342633742492,0.333262015471803,0.128526645768025
"51","OTU_1127","Warming",0.326910050920868,0.718385133752782,0.993252939385097,0
"52","OTU_1133","Control",-0.14533448502806,0.00573716763774542,0.17532832523542,0.475409836065574
"53","OTU_1136","Warming",0.0407550440460473,0.186112648033397,0.347514490164543,0.015625
"54","OTU_11362","Control",-0.0215602774357617,0.141106598100943,0.342259050510104,0.0424242424242425
"55","OTU_114","Control",-0.0498724807527731,0.103301378810653,0.22114696228639,0.081
"56","OTU_114","Warming",0.341506710842332,0.50576618329298,0.736797650424126,0
"57","OTU_1140","Control",-0.107129791336022,0.146132419494,0.461501964592045,0.230769230769231
"58","OTU_1140","Warming",0.110434523648357,0.429226521681064,0.786114156867296,0
"59","OTU_1141","Control",-0.00970215516495813,0.0849105934686213,0.175064822943455,0.042
"60","OTU_1141","Warming",0.168842895779879,0.288239363973605,0.408502562857427,0
"61","OTU_1146","Warming",0.0837584733758407,0.263194457677714,0.451435041873436,0.00943396226415094
"62","OTU_1150","Control",0.0841445413753234,0.153663047656908,0.231552526087756,0
"63","OTU_1150","Warming",0.161631930216997,0.397446271577499,0.594623022523795,0
"64","OTU_1152","Warming",0.0663999140478733,0.189419775201144,0.323353371108042,0
"65","OTU_116","Control",-0.111600003176267,-0.0154425594896795,0.0832727650781231,0.626
"66","OTU_116","Warming",0.0379297280447945,0.173951971191471,0.301893296286984,0.00600000000000001
"67","OTU_1160","Control",-0.0392245941715741,0.103266569489884,0.408696412726625,0.100817438692098
"68","OTU_11745","Warming",-0.0938076417498252,0.131985388514082,0.393878124014585,0.123076923076923
"69","OTU_11764","Control",-0.0140159656050535,0.191733060324741,0.344701260453125,0.0327868852459017
"70","OTU_11764","Warming",-0.0644944256007048,0.295090121823857,0.560177218911239,0.0348258706467661
"71","OTU_1178","Warming",0.127947421903651,0.249507580592553,0.356787926137694,0
"72","OTU_1179","Warming",0.112655189198494,0.323094209721267,0.478352931421573,0
"73","OTU_118","Control",0.0442586068987776,0.12998830599102,0.208299472141439,0.003
"74","OTU_118","Warming",0.151376936000839,0.277867090775809,0.398786616096289,0
"75","OTU_1188","Control",-0.0854532701389295,0.0446531605172672,0.168831390403669,0.251
"76","OTU_1188","Warming",0.165987089128011,0.357821761727272,0.585585235356233,0
"77","OTU_119","Control",-0.0136684477803532,0.146529578628054,0.365716532093195,0.043
"78","OTU_119","Warming",0.208184760300566,0.378347371085791,0.596301134806155,0
"79","OTU_1195","Control",-0.0720429745658915,0.106495945098592,0.175036520485703,0.217983651226158
"80","OTU_1198","Control",-0.14749399794001,0.0254105002264202,0.194097874909291,0.409090909090909
"81","OTU_12","Control",-0.0248760824121849,0.076030514632384,0.175866480076975,0.077
"82","OTU_12","Warming",0.19300899510034,0.394374640901728,0.568073524221747,0
"83","OTU_1200","Control",-0.139487742313628,-0.0141556861965981,0.103236431589517,0.610328638497653
"84","OTU_1200","Warming",0.179351557948405,0.278608337157769,0.37029853236401,0
"85","OTU_120707","Warming",0.0719789283067348,0.342596749750072,0.631852732618235,0
"86","OTU_1209","Warming",0.251776414281854,0.428978439732533,0.640786326075617,0
"87","OTU_121","Control",-0.0601404108539891,0.0534574043616942,0.164009914163168,0.195
"88","OTU_121","Warming",0.487653531325721,0.593179395818194,0.688139821695918,0
"89","OTU_12148","Control",-0.00672459323581952,0.130670157251267,0.288709735797224,0.0467289719626168
"90","OTU_1215","Control",-0.014882411408067,0.145635712544781,0.400094169263215,0.0833333333333334
"91","OTU_1225","Control",-0.112846138737402,0.0541304114492927,0.259502129975201,0.259519038076152
"92","OTU_1229","Warming",0.181255650980729,0.355146662480731,0.512035507892791,0
"93","OTU_12291","Warming",-0.0496373832480481,0.106188172532554,0.241427045990248,0.0849056603773585
"94","OTU_123","Control",-0.0453189866511756,0.0397765050333962,0.126066777290287,0.152
"95","OTU_123","Warming",0.0864858279647367,0.196973998963918,0.302377108094656,0
"96","OTU_1231","Control",-0.111099162975154,0.0521957992736984,0.193096922632356,0.242
"97","OTU_1231","Warming",0.369157589934587,0.471704820197411,0.57857454134138,0
"98","OTU_1242","Control",-0.435274602741129,-0.186824165732663,0.213049649752983,0.805405405405405
"99","OTU_124205","Control",-0.507976556716968,-0.135543832453598,0.12546542379845,0.757142857142857
"100","OTU_124205","Warming",0.060335556549242,0.241316212686975,0.430079118056734,0
"101","OTU_1243","Warming",-0.0701769860358458,0.102513758361668,0.298988587827333,0.2
"102","OTU_1251","Warming",-0.0465917347197684,0.134986424241193,0.335000213484727,0.0964467005076142
"103","OTU_126","Control",-0.226546224142871,-0.0571657268059845,0.0675367282033609,0.734883720930233
"104","OTU_126","Warming",0.113813343599379,0.213846036187706,0.332434642637239,0
"105","OTU_12608","Control",-0.450632494473174,-0.110778699433033,0.100020806591372,0.823255813953488
"106","OTU_12608","Warming",0.127940821609859,0.220904770454495,0.295445455398756,0
"107","OTU_12655","Control",-0.066339895318265,0.0330667415591032,0.132481374304479,0.246376811594203
"108","OTU_12655","Warming",0.11017672501579,0.222238987905266,0.32323965093926,0
"109","OTU_1268","Control",-0.00244537326677739,0.0794977797552574,0.227224456217284,0.0372093023255814
"110","OTU_1268","Warming",0.223567557263458,0.361081205096999,0.51679424558201,0
"111","OTU_1273","Control",-0.155848244552079,0.133817688247042,0.362429269094486,0.173553719008264
"112","OTU_129","Control",-0.0212950987934902,0.19215488370138,0.405400005366639,0.0476190476190477
"113","OTU_129","Warming",0.0964396544008601,0.323406520258776,0.555956738152279,0.002
"114","OTU_1294","Control",0.0312185057441719,0.194848199246621,0.472578018529474,0.00316122233930449
"115","OTU_1294","Warming",0.144348038057082,0.346288196781858,0.665025139574105,0
"116","OTU_13","Control",-0.589361093473569,0.0520172841092959,0.323193205717095,0.483908045977012
"117","OTU_130","Control",-0.0484493543545329,0.0785080844240593,0.219710915153501,0.113
"118","OTU_130","Warming",0.200162625255254,0.340514821005317,0.498702014734287,0
"119","OTU_1304","Control",0.00216243752393277,0.162873003166045,0.289550759186342,0.025
"120","OTU_1304","Warming",0.232616424017405,0.376005251389085,0.49438744156364,0
"121","OTU_1305","Control",-0.192236448561383,-0.0680041919239072,0.050615604321721,0.857
"122","OTU_1305","Warming",0.0681016985950359,0.21964853363581,0.345456694089035,0.001
"123","OTU_1309","Control",-0.110652496013538,0.0394818144240583,0.151041642761472,0.29047619047619
"124","OTU_1309","Warming",0.0938863057578199,0.273708449945766,0.357471350392706,0
"125","OTU_131","Control",-0.0299787853544904,0.0688430402874159,0.166291173517334,0.087
"126","OTU_131","Warming",0.0959557002053996,0.216103202956692,0.324156147292871,0
"127","OTU_13110","Control",-0.213985793131216,-0.0131371489048733,0.112680798948398,0.557416267942584
"128","OTU_1313","Control",0.122496245626312,0.185954668615507,0.255606643509852,0
"129","OTU_1313","Warming",0.349550261026241,0.472169910127652,0.57406664950723,0
"130","OTU_1324","Control",-0.105688117226669,0.0698783332060364,0.257684731257867,0.247549019607843
"131","OTU_1324","Warming",0.172058113527335,0.272110725712898,0.426635143393195,0
"132","OTU_1325","Control",-0.067538734331183,0.0136765819763595,0.113867885647311,0.373762376237624
"133","OTU_1325","Warming",0.155001088277642,0.246244283206723,0.357703349723932,0
"134","OTU_1334","Control",0.0328207445518731,0.106568380512157,0.219690608629301,0
"135","OTU_1334","Warming",0.163905240533759,0.272948100155219,0.38610175873574,0
"136","OTU_134","Control",0.0336915912006643,0.156795899350926,0.282880985244021,0.004
"137","OTU_134","Warming",0.223010227513425,0.376956180516201,0.529844657118345,0
"138","OTU_1352","Warming",0.0689470280868116,0.234268238532369,0.518116036605411,0
"139","OTU_1357","Control",-0.28618029238363,-0.0784714434150319,0.110363287808,0.818181818181818
"140","OTU_1357","Warming",0.0662495317104929,0.177523404862644,0.288069402097897,0
"141","OTU_136","Control",-0.238754292954779,-0.11004448538991,0.00437393539586549,0.969
"142","OTU_136","Warming",0.165655677592512,0.28401652995265,0.409179612943566,0
"143","OTU_1386","Warming",0.0559290093164259,0.221357437770998,0.320991916613854,0
"144","OTU_1395","Control",-0.00530604139563985,0.0778605857591218,0.197672371545303,0.0431654676258992
"145","OTU_1395","Warming",-0.0123524576258731,0.206228365391767,0.419003532841647,0.0615384615384615
"146","OTU_14","Control",-0.0138640295580354,0.0845244792911511,0.169074151278205,0.052
"147","OTU_14","Warming",0.146203423665298,0.239982982868286,0.326194587059568,0
"148","OTU_140","Control",-0.0626014258384836,0.129260181460811,0.334768257922594,0.115196078431373
"149","OTU_140","Warming",0.157760659933998,0.347707250107553,0.57054869575183,0
"150","OTU_142","Control",0.0568999698736392,0.267148285671595,0.600789128807314,0.00800000000000001
"151","OTU_143","Control",-0.0694766410459788,0.0146039686892208,0.0999246037274717,0.373
"152","OTU_143","Warming",0.0540371602215361,0.168561410263266,0.275452398336568,0.002
"153","OTU_1435","Control",-0.0700393283107468,0.0638715501278312,0.187657330380045,0.165
"154","OTU_1435","Warming",0.128954679732853,0.240783146086221,0.362679625523829,0
"155","OTU_14353","Control",-0.0908954590304466,0.0554493097000859,0.257057884369731,0.292079207920792
"156","OTU_14353","Warming",0.0716435632174062,0.231654756671248,0.404534190959733,0
"157","OTU_1439","Control",-0.0850292749002108,0.0499350180331622,0.179856928155991,0.215277777777778
"158","OTU_14404","Warming",-0.445950863119297,-0.102561991700491,0.230755591275787,0.654867256637168
"159","OTU_144332","Control",-0.229890296438062,0.0370847674903991,0.636777900343172,0.422018348623853
"160","OTU_144332","Warming",0.114718433631624,0.26381513267876,0.837544967957061,0
"161","OTU_145","Control",-0.101841726280641,0.011693879780901,0.107786506429762,0.407
"162","OTU_145","Warming",0.048539328687592,0.1319986585758,0.222590728064526,0
"163","OTU_1450","Warming",0.0578264233590124,0.184684889237659,0.307313820184762,0
"164","OTU_1457","Control",-0.263086705910481,-0.0564630292249438,0.121396359079478,0.734883720930233
"165","OTU_1457","Warming",0.042832697540419,0.133869634010441,0.221203392585798,0
"166","OTU_1459","Warming",-0.134411051054863,0.139397419810672,0.374436497333711,0.221105527638191
"167","OTU_1468","Control",-0.0182089830130099,0.137228620587109,0.351633270572668,0.0469483568075117
"168","OTU_147","Control",0.17308937068286,0.385045786467007,0.5585939049152,0
"169","OTU_1476","Control",-0.0370859760571786,0.043503150050021,0.124363113168999,0.14
"170","OTU_1476","Warming",0.139596157357749,0.230804111609278,0.312563309139005,0
"171","OTU_14767","Warming",-0.178639361222513,0.174259574906639,0.354832061435141,0.259259259259259
"172","OTU_148","Control",-0.143744793154115,0.0843873749640658,0.28779135416117,0.212212212212212
"173","OTU_148","Warming",0.155935882390191,0.459522741937499,0.685733520640766,0
"174","OTU_1499","Control",-0.123894844962492,0.0954154481843057,0.388819394799443,0.231481481481482
"175","OTU_1499","Warming",0.174980464345445,0.359227346090428,0.607648666174436,0
"176","OTU_15","Control",0.108866067112328,0.26872498375134,0.492764473719892,0
"177","OTU_15","Warming",0.22647571897339,0.435780657915541,0.616282137862807,0
"178","OTU_151","Control",0.0750488709767588,0.156127391467911,0.266360770309284,0
"179","OTU_151","Warming",0.12018506715854,0.26826265376049,0.4173096916601,0
"180","OTU_1512","Warming",0.0177288507885695,0.129020701871538,0.389524107392112,0.0058139534883721
"181","OTU_1528","Control",-0.048349327596212,0.0606651965993961,0.176173645634149,0.15
"182","OTU_1528","Warming",0.0668151075617698,0.19319329944228,0.331807869450127,0
"183","OTU_15374","Control",-0.10279392515797,0.041328427303258,0.191477633088845,0.337874659400545
"184","OTU_1547","Control",-0.0991923602556614,0.00696478725934871,0.125362287642954,0.484375
"185","OTU_1547","Warming",0.140248298491852,0.262332813662138,0.407986584302057,0
"186","OTU_155","Control",-0.0736490881378667,0.00659192716307906,0.0948112811473658,0.438
"187","OTU_155","Warming",0.133213615607886,0.220309747721003,0.318549196170638,0
"188","OTU_1558","Control",-0.0754372776804259,0.112138198839063,0.243433591748048,0.104265402843602
"189","OTU_1558","Warming",0.288343146531169,0.487443464881127,0.602669411800266,0
"190","OTU_156","Control",0.0758246920487636,0.229662070825132,0.509967766442299,0.00956937799043067
"191","OTU_156","Warming",0.00309634656531228,0.209633878733238,0.526141732398966,0.025
"192","OTU_15685","Warming",-0.107652044598749,0.140718621597177,0.338588558990547,0.14572864321608
"193","OTU_1576","Control",0.0290202585069237,0.146751281051388,0.257321904493786,0.00700000000000001
"194","OTU_1576","Warming",0.394606622931597,0.480959593792865,0.602815352330795,0
"195","OTU_158","Control",-0.148855829502447,0.070908396680115,0.235051173497501,0.286764705882353
"196","OTU_158","Warming",0.136633480084734,0.256456192918461,0.36082522492621,0
"197","OTU_1580","Control",-0.109702992443551,0.0326696842365688,0.150358252200197,0.30614406779661
"198","OTU_1580","Warming",0.0453645443555866,0.171395281571623,0.297314905216717,0.00529661016949157
"199","OTU_1586","Control",-0.12077667147336,0.0141192659649341,0.158945279286033,0.409547738693467
"200","OTU_1592","Control",-0.250967766599687,-0.0625616937986821,0.244011871278215,0.664739884393064
"201","OTU_1592","Warming",0.0368825196219413,0.227518665205851,0.459233751609258,0.0117647058823529
"202","OTU_1597","Control",-0.0766115606032897,0.00679618895719956,0.102947675703609,0.433
"203","OTU_1597","Warming",0.147989479151942,0.238270189616977,0.320911838260759,0
"204","OTU_15972","Control",-0.297706838952224,-0.0965114687919685,0.048703781338829,0.901515151515151
"205","OTU_15972","Warming",-0.0269436940225683,0.174893803054746,0.351038833631326,0.0472689075630253
"206","OTU_15991","Warming",0.0249318833739615,0.166231309271512,0.314420014691251,0
"207","OTU_16","Control",0.0603150169549004,0.231117082873927,0.433088871710046,0.00247524752475248
"208","OTU_160","Warming",0.143794371051746,0.271438028997732,0.440446940710776,0
"209","OTU_1605","Control",-0.119784127049506,0.0140945689627096,0.160538420986018,0.428
"210","OTU_1605","Warming",-0.0633944323829917,0.164590424304386,0.342846570847876,0.0883720930232558
"211","OTU_1629","Warming",0.0563144245632567,0.161261040225416,0.297645311513932,0
"212","OTU_16296","Control",-0.0677115821640839,0.0583264288136025,0.176788777830077,0.183
"213","OTU_16296","Warming",0.0849163493762121,0.25732214653514,0.382764750882707,0
"214","OTU_1650","Control",0.0755875694345481,0.174674513372481,0.25920100328429,0
"215","OTU_1656","Control",-0.0835686200513316,0.0414394239009944,0.16017542656674,0.265
"216","OTU_1656","Warming",0.0872378227036496,0.239044086615198,0.39511627026084,0.001
"217","OTU_1665","Warming",0.0515474654300073,0.21771398836772,0.418465406565469,0
"218","OTU_167","Control",-0.183584457419825,-0.0555361271267782,0.0903247655108236,0.779575328614762
"219","OTU_167","Warming",0.0469616466489818,0.164703302753123,0.305807966631035,0
"220","OTU_1672","Warming",0.0105651903750134,0.155892181890581,0.297967562858504,0
"221","OTU_1673","Control",-0.178922649268217,-0.0314245245393103,0.103778492696363,0.678217821782178
"222","OTU_1673","Warming",-5.51633859131303e-05,0.154325952726734,0.279939279430002,0.026
"223","OTU_168","Control",-0.0740356328047704,0.0228101864051211,0.121581504464857,0.352
"224","OTU_168","Warming",-0.0695044139454317,0.11532039330598,0.236811958955219,0.109947643979058
"225","OTU_1680","Control",-0.049577465605606,0.0758684426965316,0.190891138429754,0.109
"226","OTU_1680","Warming",0.172584438369134,0.283134817028339,0.389043357801354,0
"227","OTU_1684","Control",0.0876717661639716,0.176078758611252,0.296372411657129,0
"228","OTU_1684","Warming",0.221642296675767,0.350915237359799,0.500102721734591,0
"229","OTU_1685","Control",-0.000518309797199787,0.102007869460304,0.24405096316947,0.0294117647058824
"230","OTU_1685","Warming",0.0532105578679605,0.169163398536124,0.327084443589188,0
"231","OTU_1699","Warming",0.169794207245964,0.345584121516932,0.548939310833752,0
"232","OTU_17","Control",-0.0472730676493439,0.0574436257286757,0.207584315539385,0.158
"233","OTU_17","Warming",0.213643297979136,0.32913609822037,0.473842767854559,0
"234","OTU_17069","Control",-0.131901175721937,0.0154887075042846,0.156325298159575,0.408817635270541
"235","OTU_17069","Warming",0.165305776670525,0.294503608806117,0.412569619905955,0
"236","OTU_1711","Control",-0.06775333874815,0.0687367337821974,0.193830004876032,0.163163163163163
"237","OTU_1711","Warming",0.443439326818713,0.525599617320949,0.629134315524606,0
"238","OTU_17438","Warming",-0.184106962155128,0.0371360248966189,0.268531477268217,0.382608695652174
"239","OTU_175","Control",-0.122476501019739,-0.0175472745406922,0.102379646202076,0.625
"240","OTU_175","Warming",-0.177215543998281,0.0527876393020228,0.240573069902638,0.301745635910224
"241","OTU_1750","Control",-0.0398330799801149,0.066108668791299,0.202702415700343,0.111
"242","OTU_1750","Warming",0.32774770101166,0.479706083974202,0.660822023530083,0
"243","OTU_1759","Control",-0.118943752986098,-0.0330945626800629,0.0852579528768138,0.706214689265537
"244","OTU_1759","Warming",-0.116964432883576,0.0997919532998761,0.251778695445664,0.242424242424242
"245","OTU_177","Control",-0.0192299769366957,0.0502845803667922,0.118682949982405,0.076
"246","OTU_177","Warming",0.16172198570112,0.262536913700048,0.362950564214633,0
"247","OTU_1774","Control",-0.315047308325668,-0.0912471919561061,0.139762180644545,0.765625
"248","OTU_1776","Control",-0.103314622094884,0.026303222682034,0.172053765320664,0.367441860465116
"249","OTU_1776","Warming",0.121067497033166,0.217548583992092,0.308739856706062,0
"250","OTU_178","Control",-0.0287747707732913,0.126334003119784,0.269883210891539,0.0639999999999999
"251","OTU_178","Warming",-0.0144356168127284,0.153963115456523,0.318830878411246,0.038
"252","OTU_1789","Control",-0.0885407860009122,0.0553578128763001,0.190506620108943,0.246268656716418
"253","OTU_17939","Control",0.149121823618409,0.220898494464768,0.304441173045057,0
"254","OTU_17939","Warming",0.228593483757221,0.338914861921125,0.456945177786229,0
"255","OTU_180","Control",-0.136691030066423,0.0485039548178729,0.226024777574312,0.308823529411765
"256","OTU_180","Warming",0.163767141709447,0.303690779383694,0.469893318955086,0
"257","OTU_1808","Control",0.0151335901232777,0.174354958535229,0.35675810597216,0.0125
"258","OTU_1808","Warming",0.245844719578262,0.416745499906423,0.592649487592033,0
"259","OTU_181","Control",-0.034741790967716,0.196218370011008,0.353137231116455,0.0392156862745098
"260","OTU_181","Warming",0.234480839597442,0.45720331530271,0.617467716741776,0
"261","OTU_1811","Control",-0.0180442984556729,0.118383438962022,0.407102260691472,0.0470914127423823
"262","OTU_1818","Warming",-0.0956200546439968,0.154818584283145,0.303643499332591,0.124031007751938
"263","OTU_182","Control",0.0151867372026066,0.127259048251771,0.237967222755155,0.013
"264","OTU_182","Warming",0.171941815760862,0.295924523618185,0.415052783058088,0
"265","OTU_18338","Control",-0.0930486304731585,0.0974772464531872,0.273776371879937,0.197309417040359
"266","OTU_1840","Control",0.0335435116311251,0.164272553143318,0.324330855447299,0.0136986301369864
"267","OTU_185","Control",-0.300821852389393,-0.0613103440190252,0.121061599186276,0.753488372093023
"268","OTU_185","Warming",-0.0943302656835426,0.0813484783415065,0.227089007088904,0.176470588235294
"269","OTU_18630","Control",-0.00389299348196474,0.150249730467159,0.376315578093583,0.0283018867924528
"270","OTU_1865","Control",-0.0305994688104352,0.11913503203281,0.272003242482863,0.054
"271","OTU_1865","Warming",0.375457892223858,0.498145306922153,0.666856537540611,0
"272","OTU_187","Warming",0.434661514752939,0.547725550532859,0.657115100435064,0
"273","OTU_1889","Control",-0.132661517757429,0.0235795173995784,0.205722081646566,0.371681415929204
"274","OTU_1889","Warming",0.11465106044581,0.329248112557767,0.48443533081142,0
"275","OTU_1890","Control",-0.168504816678184,-0.00812888081089102,0.129011060365415,0.525581395348837
"276","OTU_1890","Warming",0.0872243698824034,0.192398296755837,0.269987298428841,0.00100200400801598
"277","OTU_190","Control",-0.172883745167808,-0.0106688920380894,0.184991109991658,0.537764350453172
"278","OTU_1902","Control",-0.12552008381898,0.0449911499933289,0.237890753268881,0.325471698113208
"279","OTU_1902","Warming",0.0777079631848345,0.236179547465942,0.405148562221561,0.00246305418719217
"280","OTU_19030","Warming",0.0766166109873605,0.2466911249392,0.463935793499193,0
"281","OTU_1904","Warming",-0.0633109765084893,0.133028164095311,0.39673857971624,0.0939226519337016
"282","OTU_1913","Control",-0.0470053718914015,0.133234474371042,0.400014756521024,0.117021276595745
"283","OTU_1914","Warming",0.0114376161121865,0.147678590862846,0.223956295987208,0.0209424083769634
"284","OTU_19163","Control",-0.0904746854182899,0.0711212326225928,0.228523884733665,0.202
"285","OTU_19163","Warming",0.183571225080729,0.329501885279397,0.487141983603483,0
"286","OTU_19192","Control",-0.113757551295198,0.0696595181272166,0.283739510426154,0.242147922998987
"287","OTU_1922","Warming",0.210342809882534,0.326592327373307,0.447456626351391,0
"288","OTU_193","Control",0.0260564866923339,0.101848042290532,0.177701418933158,0.004
"289","OTU_193","Warming",0.172192566017242,0.253446050819436,0.338999738390272,0
"290","OTU_1952","Control",-0.153387465248576,-0.00904970777577657,0.138008755945751,0.527777777777778
"291","OTU_196","Control",-0.272555030456648,-0.124470699248404,0.0136622584798958,0.951690821256039
"292","OTU_196","Warming",0.0943678324965817,0.247546869937084,0.365981926255615,0
"293","OTU_1967","Control",-0.00480287532430446,0.0661376042577977,0.143386801995704,0.034
"294","OTU_1967","Warming",0.107398286561348,0.229348394663208,0.364977420698899,0
"295","OTU_1978","Control",-0.0808457235273843,0.0630551444420028,0.351746592686886,0.376146788990826
"296","OTU_1978","Warming",0.0777394885346649,0.234196681637704,0.586320985765942,0
"297","OTU_198","Control",-0.0205422772709727,0.0996904877215007,0.223338834163843,0.0561440677966102
"298","OTU_198","Warming",0.137600974257685,0.279286096517134,0.403465287083548,0
"299","OTU_1982","Control",-0.051936579124663,0.0567247546316592,0.193158480414818,0.180094786729858
"300","OTU_1984","Control",-0.205286427884273,-0.0222916582232733,0.0976458887479657,0.591029023746702
"301","OTU_19858","Control",-0.0899548891853219,0.0544713685949614,0.26613963063854,0.283720930232558
"302","OTU_199","Control",-0.133566944320366,0.0393658711723886,0.225707258905225,0.310262529832936
"303","OTU_199","Warming",0.115603599130128,0.264763646940102,0.417590199464866,0
"304","OTU_1991","Warming",0.11020372186976,0.311069790160722,0.56383020670989,0
"305","OTU_2","Control",-0.0248615239802004,0.081306092438523,0.210214472832441,0.0669999999999999
"306","OTU_2","Warming",0.236659784372354,0.409455226766689,0.557940325339735,0
"307","OTU_20","Control",-0.0191559969692543,0.0899112193022354,0.227533479179099,0.0649999999999999
"308","OTU_20","Warming",0.156891415005606,0.274296047758965,0.40708405471609,0
"309","OTU_2002","Warming",0.0800675587717625,0.230820210467825,0.379538108267949,0
"310","OTU_2009","Warming",0.151011005455509,0.304585183259963,0.642544203090669,0
"311","OTU_201","Control",-0.0244056860725214,0.090156947588654,0.197586533846593,0.0649999999999999
"312","OTU_201","Warming",0.437609314332516,0.538891464333264,0.686686502018629,0
"313","OTU_203","Control",-0.020523461652326,0.099864856636162,0.238734323015594,0.0409836065573771
"314","OTU_2044","Control",-0.181239198631995,0.0405732418990736,0.29728993741735,0.45045045045045
"315","OTU_20456","Control",-0.225492279751151,0.0961718695904143,0.37553160002918,0.308510638297872
"316","OTU_20724","Control",-0.105675056625012,0.0848965166490882,0.26643199955976,0.2
"317","OTU_2089","Control",0.00255011734182974,0.167446282362033,0.399434211105155,0.023696682464455
"318","OTU_209","Control",-0.0384845514419369,0.0375440913518149,0.105223641409916,0.155940594059406
"319","OTU_209","Warming",0.094915888307923,0.173043836900216,0.253726578363409,0
"320","OTU_2094","Control",-0.103880556873325,0.0698928756169307,0.253417989853249,0.243604004449388
"321","OTU_21","Control",-0.0664577636501819,0.0443956141035478,0.163370350626496,0.202970297029703
"322","OTU_21","Warming",0.129170620866801,0.257658903486221,0.384934778300867,0
"323","OTU_210","Control",-0.0516267078865602,0.0561978614461601,0.140362620746155,0.14
"324","OTU_210","Warming",0.176365989670129,0.297094466374131,0.424116807317698,0
"325","OTU_21094","Control",0.0493676578416435,0.184096393985875,0.392562464845035,0.00473933649289104
"326","OTU_2112","Warming",0.0963160395484037,0.258986115764651,0.527370467306048,0
"327","OTU_2128","Control",-0.282772511706398,-0.0297016665616157,0.166067669392833,0.580152671755725
"328","OTU_21391","Control",-0.0290780346160065,0.14913244414604,0.396929613490286,0.0603621730382293
"329","OTU_21391","Warming",0.169715595823956,0.399195560814126,0.683087195562483,0
"330","OTU_215","Control",-0.168399771227115,-0.0323592071807656,0.115294769941965,0.67
"331","OTU_215","Warming",0.115562678761979,0.26543543730212,0.404037206980422,0
"332","OTU_216","Control",-0.152770849483156,0.100797667049356,0.317377046869094,0.243436754176611
"333","OTU_216","Warming",-0.0157884392811291,0.221563781654819,0.457975389241602,0.0429292929292929
"334","OTU_2178","Control",-0.0911655545278941,0.0119831884891834,0.0973301408053463,0.404
"335","OTU_2178","Warming",0.151655411404864,0.255471282644896,0.356754216310921,0
"336","OTU_2181","Control",-0.0225419120254467,0.15560507425497,0.323377104059285,0.0485436893203883
"337","OTU_2181","Warming",0.359075187609627,0.47163536930051,0.603290263689169,0
"338","OTU_219","Control",-0.00927293276900116,0.0547334596916128,0.111522925720983,0.0518518518518518
"339","OTU_219","Warming",0.161917360197986,0.264366225705893,0.368744650775816,0
"340","OTU_22","Control",-0.0175142674828748,0.120523466704929,0.243880304014488,0.034
"341","OTU_22","Warming",0.134680678984064,0.283997939624806,0.41762504981051,0
"342","OTU_220","Control",-0.0301809845268076,0.125392063136512,0.239893368443773,0.0514705882352942
"343","OTU_220","Warming",0.352447372560435,0.461938143464184,0.607193199637595,0
"344","OTU_2213","Control",0.0302448348057628,0.160567751846278,0.305420368889395,0
"345","OTU_2219","Control",-0.153374520074883,0.000759470279294936,0.189784343327757,0.482412060301508
"346","OTU_2219","Warming",0.153989091266987,0.251745455558617,0.398067253364349,0
"347","OTU_22209","Control",0.0202512350276619,0.122711844519995,0.221654563166061,0.01
"348","OTU_22209","Warming",0.147052258158074,0.27202580833041,0.401980370893764,0
"349","OTU_223","Control",0.0683535077615176,0.191018490868167,0.302926543152263,0.00245098039215685
"350","OTU_223","Warming",0.192823530617851,0.313606113482311,0.44009894004664,0
"351","OTU_22324","Warming",0.0153117874154781,0.217176005672246,0.392849104358133,0.0225563909774437
"352","OTU_224","Control",0.0421882400611807,0.116152221262272,0.21566502133605,0
"353","OTU_224","Warming",0.359635510298728,0.47561541782002,0.605528277286624,0
"354","OTU_2258","Control",-0.218275576153359,-0.0800913657369888,0.0130428905116243,0.916279069767442
"355","OTU_2258","Warming",0.0345274070193965,0.169381934349841,0.273583463045702,0.00454545454545452
"356","OTU_226","Control",-0.177085764967899,-0.0362941612474548,0.118789841127778,0.681372549019608
"357","OTU_226","Warming",0.00926940778130526,0.193539065299397,0.357370329850166,0.0249376558603491
"358","OTU_22623","Warming",0.0600331380433406,0.340339039130374,0.492485212544465,0.0245901639344263
"359","OTU_2276","Control",-0.0457202266996388,0.153391488475581,0.21546387572046,0.162303664921466
"360","OTU_2287","Control",-0.0212489643967542,0.152488845806482,0.466697333196753,0.053921568627451
"361","OTU_2287","Warming",0.112139470859957,0.325586628431923,0.638663345664128,0
"362","OTU_2290","Control",-0.0349396272734801,0.11719511637381,0.269248111095671,0.0570000000000001
"363","OTU_23","Control",-0.00617516122007682,0.17950421038623,0.405285037706349,0.0311871227364185
"364","OTU_23","Warming",0.349369359662934,0.540689449664628,0.771797857873873,0
"365","OTU_2326","Control",-0.130310994631233,0.0047213510067359,0.164672468082105,0.468
"366","OTU_2326","Warming",0.18413574852185,0.334222321048289,0.485046132336694,0
"367","OTU_2332","Control",-0.0816829266163789,0.0806305459811982,0.519885853747748,0.249388753056235
"368","OTU_234","Control",-0.0822328480579788,0.0630372098242336,0.204828051635223,0.189
"369","OTU_234","Warming",0.0332906875739144,0.161505346557477,0.287042617594648,0.00523560209424079
"370","OTU_235","Control",0.0189429863427546,0.145285115939123,0.24435516488224,0.00970873786407767
"371","OTU_235","Warming",0.402051200128183,0.527171886413452,0.652309441189459,0
"372","OTU_2351","Control",-0.314375267052531,-0.156067458389349,0.0333513181417141,0.938725490196078
"373","OTU_2351","Warming",-0.188687358631786,0.0909200757214534,0.275075838304835,0.216748768472906
"374","OTU_2364","Control",-0.1188817770422,-0.0366436557515125,0.086978056761934,0.709677419354839
"375","OTU_2364","Warming",0.190673423301662,0.301760491095199,0.396113668046657,0
"376","OTU_237","Control",-0.120031439199245,0.00247899944261363,0.174814024431466,0.48792270531401
"377","OTU_237","Warming",0.0223994337246561,0.179598942661573,0.354826456231693,0.016016016016016
"378","OTU_2381","Control",-0.0222417268603817,0.0867724190352432,0.19592506847839,0.0559610705596107
"379","OTU_2381","Warming",0.332547082902655,0.458666118188327,0.565900198640363,0
"380","OTU_2392","Control",-0.13312565747124,0.0010610210610297,0.167415380040247,0.494725738396624
"381","OTU_2392","Warming",0.11791207960074,0.268394550600546,0.404689766884604,0
"382","OTU_24","Control",-0.0343646587184667,0.066200364841576,0.184773112987568,0.103
"383","OTU_24","Warming",0.452783750699644,0.604709712816675,0.755906400676012,0
"384","OTU_2409","Warming",0.0885293257666213,0.225249410276166,0.386877589691151,0
"385","OTU_241","Control",0.0624894774953524,0.252779290860454,0.450575707896262,0.00245098039215685
"386","OTU_241","Warming",0.16165785669517,0.355357931924276,0.563563532799866,0
"387","OTU_24173","Control",-0.0882801538440406,0.0883500786721938,0.280835472596038,0.178743961352657
"388","OTU_24173","Warming",0.0778484010492848,0.229931769333457,0.412428042045054,0.001
"389","OTU_242","Warming",-0.109991593100736,0.107048014958656,0.290554973414097,0.17948717948718
"390","OTU_24235","Control",0.00695059807494724,0.106799539951142,0.215664170121716,0.019
"391","OTU_24235","Warming",0.342845148250598,0.500331912556136,0.652939757377679,0
"392","OTU_2424","Control",-0.113737747029924,0.0570865892654673,0.265375733781728,0.29
"393","OTU_2424","Warming",-0.009870453110031,0.212376293662964,0.449410058591151,0.035
"394","OTU_244","Control",-0.110541476490176,0.14730545606945,0.660496819831682,0.183537263626251
"395","OTU_2443","Control",-0.0228486022672094,0.135638767936559,0.334612564907598,0.056
"396","OTU_2443","Warming",0.0968586670474373,0.219512829901312,0.407260648455369,0
"397","OTU_2447","Control",0.0673421729998361,0.112374114197403,0.15839725291298,0
"398","OTU_2447","Warming",0.118853364577387,0.218828626055982,0.363773959225477,0
"399","OTU_2451","Warming",0.184848086038706,0.396650846739307,0.614225837064309,0
"400","OTU_245378","Warming",-0.0256406695715557,0.113081752030784,0.236651360339752,0.0710526315789474
"401","OTU_24570","Control",-0.186719808968403,-0.0707075048578252,0.0414479169821777,0.878411910669975
"402","OTU_24570","Warming",0.13735635752924,0.255398909817196,0.353166286676617,0
"403","OTU_2463","Warming",-0.0154479618913217,0.214808460267393,0.559089773979451,0.050251256281407
"404","OTU_2465","Control",0.0135224002713118,0.126574404163323,0.261947817147747,0.017
"405","OTU_2465","Warming",0.171216685702678,0.281422855876069,0.414289628075142,0
"406","OTU_247","Control",-0.0755703680090583,0.0919073924297284,0.292044471921788,0.19047619047619
"407","OTU_247","Warming",0.0865477113047984,0.233601381344917,0.422714146784109,0
"408","OTU_248","Control",-0.601977358733628,-0.240145862122198,0.0969509068286198,0.919354838709677
"409","OTU_248","Warming",-0.144518352283817,0.116497176395274,0.285549080343778,0.185
"410","OTU_2482","Warming",-0.0148907443724022,0.142931904753804,0.346520930638365,0.0387596899224806
"411","OTU_24867","Control",0.0132004307738834,0.0763159585441788,0.136394802590582,0.0123762376237624
"412","OTU_24867","Warming",0.0966297089058541,0.190671419757536,0.288837466026643,0
"413","OTU_249","Control",-0.124370616016005,0.00595758010147579,0.153321364104221,0.470588235294118
"414","OTU_249","Warming",0.161245690960521,0.288529904211071,0.414899605955343,0
"415","OTU_25","Control",0.107410410357378,0.278756790509039,0.496606672784455,0
"416","OTU_25","Warming",0.242458115884473,0.45107895671143,0.610104344962925,0
"417","OTU_253","Control",-0.390852568445892,-0.145226428663804,0.0438000881766525,0.893023255813953
"418","OTU_253","Warming",0.0176827487414581,0.141852097726492,0.245872126518113,0.0127877237851662
"419","OTU_2536","Control",-0.346517103169598,-0.124589746216966,0.101536337730034,0.86
"420","OTU_2536","Warming",0.174058095843557,0.323084877270465,0.504848828802737,0
"421","OTU_2542","Control",0.0790340858942922,0.155822122724367,0.234008353731216,0
"422","OTU_2542","Warming",0.170841913278627,0.284382807639102,0.424656180652275,0
"423","OTU_2557","Control",-0.00498905647086751,0.208367087016528,0.338334116062373,0.0341880341880342
"424","OTU_257","Warming",-0.188189760949482,0.184208542125567,0.52850557999125,0.110236220472441
"425","OTU_2574","Control",-0.0241911774243463,0.168382705420244,0.47191914913284,0.0520231213872833
"426","OTU_2574","Warming",0.0936775123235669,0.278023964134806,0.611396028246579,0
"427","OTU_258","Control",-0.127097963980981,0.0340186472266927,0.399399579763854,0.433815350389322
"428","OTU_2598","Control",-0.0235010119383679,0.0669572362774026,0.150337419762186,0.074
"429","OTU_2598","Warming",0.143208631144532,0.242752492113581,0.334610305721662,0
"430","OTU_2605","Control",-0.043733337279182,0.109329713759687,0.504872729409623,0.119266055045872
"431","OTU_2605","Warming",-0.547759766867889,-0.0528086822325807,0.520114774193824,0.577319587628866
"432","OTU_2633","Control",-0.115786921999137,0.0148312431190882,0.150656321856464,0.426470588235294
"433","OTU_2633","Warming",0.114146946253972,0.200917296567658,0.29231036481832,0
"434","OTU_2638","Warming",0.142188178026556,0.272586294516534,0.404724930624155,0
"435","OTU_265","Warming",0.0744218367888389,0.207801568418414,0.346554716939277,0.00819672131147542
"436","OTU_266","Control",-0.0706076092258032,0.0254262576562113,0.126600007438115,0.322
"437","OTU_266","Warming",0.143466423507979,0.219346466546619,0.303139971681263,0
"438","OTU_2660","Warming",0.184037121998877,0.307887355555821,0.464724282825079,0
"439","OTU_2693","Control",-0.0637574895520769,0.0709532231688323,0.16906328259066,0.137055837563452
"440","OTU_27","Control",0.152996734350949,0.300669611235495,0.45294204235867,0
"441","OTU_27","Warming",0.229918504838806,0.441493638163941,0.621293767188733,0
"442","OTU_2704","Control",-0.109055734190652,0.106194873361351,0.437467896042143,0.192307692307692
"443","OTU_274","Control",-0.0104867818226366,0.167866237564755,0.343645612699751,0.0774647887323944
"444","OTU_2770","Control",-0.226265589872165,-0.0295254778313584,0.204015731940726,0.60377358490566
"445","OTU_278","Control",-0.00198307218671728,0.0804312574217984,0.178179409065633,0.032
"446","OTU_278","Warming",0.14828990385922,0.265473835196574,0.37081370394795,0
"447","OTU_2791","Control",-0.148744520597361,-0.0162440744700709,0.0798008343733348,0.601965601965602
"448","OTU_2791","Warming",-0.097425194716632,0.0956947971329504,0.312727090168899,0.164444444444444
"449","OTU_28","Control",-0.0540681792369771,0.0327563477346468,0.121307294651202,0.233
"450","OTU_28","Warming",0.0646330888853607,0.186844038705017,0.303474622841074,0
"451","OTU_283","Control",-0.0895414665411026,0.0314679376389795,0.191172582868522,0.316176470588235
"452","OTU_283","Warming",0.144360200386138,0.28254829980569,0.434583171117541,0
"453","OTU_2855","Control",-0.0821376948811742,0.0140410074252563,0.159330182074325,0.419117647058823
"454","OTU_2855","Warming",0.119055214600941,0.272471673611655,0.420283035222455,0
"455","OTU_286","Control",-0.146191622212397,-0.00591538317472797,0.0940509953995088,0.576744186046512
"456","OTU_286","Warming",0.0621075935486244,0.240459979870805,0.389704058521231,0.00300300300300305
"457","OTU_28640","Control",-0.213383264771478,-0.0143652586551875,0.240621489008271,0.529411764705882
"458","OTU_2867","Control",-0.0061709981240508,0.197377109394576,0.49298751804266,0.0330188679245284
"459","OTU_2871","Control",-0.299025584806324,-0.122221053222518,0.0891516705187091,0.856
"460","OTU_2871","Warming",0.0498619758352414,0.181580952936649,0.30082004059042,0
"461","OTU_2879","Control",-0.0235805809411775,0.0595704736552443,0.1582131386254,0.105527638190955
"462","OTU_2879","Warming",0.129001386190914,0.241240148257263,0.351292874780069,0
"463","OTU_2895","Control",-0.285649600175603,0.0220763881147809,0.140329568289079,0.394871794871795
"464","OTU_2895","Warming",-0.161885693289057,0.147037209117673,0.322312922784891,0.140350877192982
"465","OTU_29","Control",-0.00643879820069264,0.0742899658628405,0.164631721502652,0.039
"466","OTU_29","Warming",0.160825321375863,0.244765831337665,0.337188820825622,0
"467","OTU_290","Control",-0.149865440229945,0.00173294727012573,0.162669483275889,0.49
"468","OTU_290","Warming",0.0938425769422269,0.236373642200484,0.360127579125252,0
"469","OTU_2904","Control",-0.00606800284438617,0.148649724923706,0.337786285141989,0.0333333333333333
"470","OTU_2904","Warming",0.167110928590132,0.309982414739518,0.481797520782601,0
"471","OTU_292","Control",-0.0284422511254376,0.122830981441385,0.24362201799242,0.048
"472","OTU_292","Warming",0.326171251766186,0.46622535059175,0.60565655078016,0
"473","OTU_2928","Control",0.0212234723572561,0.120670295759705,0.227711573156307,0
"474","OTU_2928","Warming",0.209478089216131,0.322886368998937,0.473255928216147,0
"475","OTU_293","Control",-0.00539116200791975,0.123596940764502,0.244401207845982,0.031
"476","OTU_293","Warming",0.166876692016886,0.289040867200511,0.415563588879465,0
"477","OTU_2943","Warming",0.12038873421976,0.247147944048619,0.443622237925351,0
"478","OTU_2945","Warming",-0.0209559418590131,0.0981184916566332,0.236126240797624,0.0678733031674208
"479","OTU_2986","Control",-0.244234955694468,-0.0930597703552747,0.121918497554947,0.701754385964912
"480","OTU_299","Warming",0.12921919605871,0.330407905177138,0.560900650180119,0
"481","OTU_299035","Warming",0.0289830640060032,0.146692840490446,0.274112853512701,0
"482","OTU_30","Control",0.0426351335374914,0.163107516683693,0.437375489454015,0
"483","OTU_30","Warming",0.121851175909233,0.243008203724236,0.523193784566007,0
"484","OTU_300","Control",-0.0711590396258178,0.0755549688459094,0.209535680847699,0.171171171171171
"485","OTU_300","Warming",0.396069561077251,0.611506219180326,0.877918599872513,0
"486","OTU_302","Control",-0.0971219804290112,0.132235896517736,0.646832838913845,0.207070707070707
"487","OTU_3026","Control",0.0183364189021834,0.162464924203488,0.341183400360874,0.00272479564032702
"488","OTU_3039","Control",-0.0119032847959681,0.0803267539126105,0.186510074865687,0.042654028436019
"489","OTU_3039","Warming",0.230445784721247,0.417348552470426,0.60664310653209,0
"490","OTU_304","Control",-0.350306864877877,-0.12285600875351,0.0518237182054273,0.90273556231003
"491","OTU_304","Warming",-0.0422036873171377,0.160607131316399,0.29851198745163,0.0797546012269938
"492","OTU_3040","Control",0.00862290361584451,0.0899230344951621,0.179406960288858,0.015
"493","OTU_3040","Warming",0.100257646317573,0.207733527396821,0.312472819390127,0
"494","OTU_3053","Control",-0.0529019975751257,0.0692669473456147,0.262668377697329,0.211211211211211
"495","OTU_3056","Control",-0.117452407454037,0.031276785464781,0.181451704764665,0.325242718446602
"496","OTU_3056","Warming",0.277696275622554,0.411106742510123,0.578177913246054,0
"497","OTU_306","Control",-0.167270727695462,0.0516462446028439,0.193099156737676,0.297520661157025
"498","OTU_3076","Control",-0.116515061671507,0.021336827405536,0.132964522511394,0.38
"499","OTU_309","Control",-0.305910320847296,0.0452633489852421,0.287075680682792,0.393162393162393
"500","OTU_310","Warming",0.0868743694988277,0.380908132335562,0.688300465668641,0.00826446280991733
"501","OTU_31111","Control",-0.0777898508236736,0.0445949237901229,0.159285609671012,0.217
"502","OTU_31111","Warming",0.170543348074459,0.350120375126669,0.53171062185756,0
"503","OTU_312","Control",-0.0147958502167123,0.119709824781594,0.283163275562925,0.0372093023255814
"504","OTU_312","Warming",0.102877829978868,0.240181005489717,0.363127372418498,0
"505","OTU_3125","Control",-0.0892631605425305,0.0633415592394385,0.199238251596167,0.189098998887653
"506","OTU_314","Control",0.0151009137378707,0.13044867076745,0.25215410149828,0.0105820105820106
"507","OTU_31432","Control",-0.476723589854873,-0.0884020249417949,0.11405267434919,0.73134328358209
"508","OTU_31432","Warming",0.126851312748939,0.196024364798896,0.273167791581775,0
"509","OTU_3150","Warming",0.185814167257338,0.370383505001193,0.525008236946276,0
"510","OTU_316","Warming",0.0887377284818707,0.172412606950718,0.324544636496777,0
"511","OTU_317","Control",-0.051443959139566,0.0547705350440631,0.174366440716985,0.167
"512","OTU_317","Warming",0.124022232573444,0.212038166549107,0.338472918797124,0
"513","OTU_3177","Control",-0.0614565488019322,0.0787159638562854,0.201487991601024,0.16260162601626
"514","OTU_3177","Warming",0.169395731408589,0.320655763843896,0.480573065361758,0
"515","OTU_3180","Control",-0.0729274571539169,0.0466889354308863,0.220814280007559,0.267990074441687
"516","OTU_3180","Warming",0.0212816248869732,0.160493221630775,0.348592863260301,0.00749999999999995
"517","OTU_32","Control",-0.130072382782591,-0.0079779603647498,0.114764358827904,0.563
"518","OTU_32","Warming",0.127194561567507,0.262258782355814,0.385329566324154,0
"519","OTU_320","Control",-0.0271957602679209,0.0962034564405719,0.210872538607893,0.0631067961165048
"520","OTU_320","Warming",0.301020825328664,0.468998152412615,0.642278415795849,0
"521","OTU_3202","Warming",0.00907193486763603,0.277808120864172,0.691373188378738,0.0152284263959391
"522","OTU_321","Control",-0.34583597021361,-0.0669712569450983,0.0999131845405546,0.699666295884316
"523","OTU_323","Control",-0.225897294131877,-0.105755305119627,0.0479045571317359,0.924528301886792
"524","OTU_323","Warming",-0.0721158585296447,0.0924122564281311,0.313226635954749,0.181159420289855
"525","OTU_32348","Warming",0.140647719536174,0.306506131832914,0.745961361166152,0
"526","OTU_3240","Control",-0.0462947778641365,0.134393191768513,0.29192937542395,0.05
"527","OTU_325","Control",-0.294640898167763,-0.0055695265955131,0.251352247253658,0.515151515151515
"528","OTU_325","Warming",0.064686341592847,0.361824454101164,0.669163494290607,0
"529","OTU_3252","Warming",-0.00181629341519993,0.137009618374974,0.249065598448418,0.0274111675126903
"530","OTU_326","Control",-0.104979005975909,0.0448224755936713,0.189919700281934,0.295
"531","OTU_326","Warming",0.0442582006869592,0.185309855288628,0.349500090968595,0.00840336134453779
"532","OTU_3262","Control",0.0517977141429989,0.243183567275424,0.428679839456658,0.00478468899521534
"533","OTU_3273","Control",-0.0814404331644174,0.0287534034185015,0.127700179197017,0.312
"534","OTU_3273","Warming",0.128588495287031,0.226413317803201,0.324081123597197,0
"535","OTU_32762","Control",-0.22225259050348,-0.0327210161641135,0.106028667726447,0.623255813953488
"536","OTU_32762","Warming",0.0980165570619381,0.199865986382525,0.314518445569997,0
"537","OTU_328","Control",-0.106516410954352,0.0352454528457005,0.174722472405366,0.292134831460674
"538","OTU_3291","Control",-0.0288789614068477,0.142857325212523,0.318669430094814,0.048
"539","OTU_3291","Warming",0.226501795114095,0.356155761454086,0.491314965685054,0
"540","OTU_3310","Control",-0.0726738250307081,0.17226726400009,0.496833053517999,0.078125
"541","OTU_3310","Warming",0.0450255231367435,0.320008307227787,0.611233712989828,0
"542","OTU_332","Control",-0.385731368948743,-0.14248417598827,0.115908896501464,0.869918699186992
"543","OTU_333","Warming",0.137485063511039,0.320996524735012,0.644418809541182,0
"544","OTU_334","Control",-0.117560485093081,-0.00977462346277478,0.127623848324872,0.557285873192436
"545","OTU_3341","Control",-0.154452361619061,-0.00634278249278138,0.156879249592965,0.541666666666667
"546","OTU_3347","Control",-0.131768054662657,0.0110004939459718,0.184212680843514,0.439439439439439
"547","OTU_335","Control",-0.00657417225089215,0.104504309702432,0.213745607159688,0.035
"548","OTU_335","Warming",0.225736597335506,0.440113071871778,0.60061531812118,0
"549","OTU_3357","Control",0.054747600874347,0.187939662645132,0.36892412939654,0
"550","OTU_3357","Warming",0.184713006435725,0.323991113012463,0.485394685481093,0
"551","OTU_3368","Control",-0.0690159617739122,0.0167288260966792,0.100966585262191,0.35
"552","OTU_3368","Warming",0.110567926485233,0.209751465863801,0.29859938092071,0
"553","OTU_3373","Control",0.0403120688752136,0.141920344706903,0.246034405213706,0.00966183574879231
"554","OTU_3374","Control",-0.0083038888408563,0.066032421559258,0.15614581489484,0.0789473684210527
"555","OTU_339","Control",-0.0256464335279248,0.143211187341197,0.287292771453557,0.056
"556","OTU_339","Warming",0.289524230798832,0.501147891407376,0.748714801441392,0
"557","OTU_33988","Warming",0.201583209148964,0.366531448698885,0.507429346364764,0
"558","OTU_341","Control",-0.328269522004667,-0.18544786742827,-0.0481514432848863,0.990196078431373
"559","OTU_341","Warming",0.0424526919845004,0.202101984946222,0.346633181483379,0.00505050505050508
"560","OTU_3416","Control",-0.0983205116107875,0.0619834378546184,0.212023858156055,0.210420841683367
"561","OTU_3416","Warming",0.449316929829479,0.540914434369581,0.687532938167223,0
"562","OTU_3430","Control",-0.129974314700339,0.00761070875151674,0.128199105632209,0.465346534653465
"563","OTU_3430","Warming",0.0928595558011502,0.231146014554912,0.356773582959722,0
"564","OTU_34322","Control",0.0465520460784639,0.127922355614303,0.247762637539299,0
"565","OTU_34322","Warming",0.1769746043768,0.293727531680322,0.445753314115667,0
"566","OTU_3433","Control",-0.157514791954542,-0.014081576387526,0.126328033084114,0.567404426559356
"567","OTU_3492","Control",-0.145217149038366,-0.0184916800462971,0.19728227923588,0.601941747572815
"568","OTU_3494","Control",0.0403570777945156,0.167296551283146,0.313555265481026,0.00485436893203883
"569","OTU_3494","Warming",0.333174116413135,0.517575673701425,0.678061875467218,0
"570","OTU_3495","Control",-0.128147903303826,0.0421456578542099,0.307240596105253,0.382978723404255
"571","OTU_350","Control",-0.107664693494602,-0.00761653857362895,0.108751397060959,0.549
"572","OTU_3507","Warming",0.160029191883488,0.249960645853263,0.333649515454818,0
"573","OTU_351","Control",-0.15210460577976,0.0611862334074418,0.451485204556104,0.398550724637681
"574","OTU_3545","Control",-0.188331538487163,0.100305739999142,0.391084233763936,0.311827956989247
"575","OTU_35567","Warming",0.140747387981725,0.259246928580206,0.353183238441959,0
"576","OTU_358","Control",-0.22403982930871,-0.0223204128415901,0.216139691560728,0.598196392785571
"577","OTU_358","Warming",0.0228637910076672,0.17610205850841,0.370548198689042,0.0252525252525253
"578","OTU_35827","Control",0.0412076348689933,0.191549917941613,0.479994488337592,0
"579","OTU_35827","Warming",0.108123402953788,0.310534930112664,0.652507273706528,0
"580","OTU_359","Control",-0.234385589151755,0.0453377355368435,0.223735854797576,0.407035175879397
"581","OTU_36","Control",-0.070765910543285,0.0311989753927913,0.130131752471221,0.28
"582","OTU_36","Warming",0.148993026453345,0.246192315573765,0.346450904531541,0
"583","OTU_36093","Warming",0.0814157068256771,0.261873245303518,0.453960488107846,0
"584","OTU_361","Control",-0.124656932281154,0.0393162785259285,0.322449986707317,0.314516129032258
"585","OTU_361","Warming",0.0827326012701712,0.255047167497199,0.48120584701539,0
"586","OTU_3610","Control",-0.245552457618946,0.0508075622760859,0.204401581021166,0.351351351351351
"587","OTU_3610","Warming",0.0138919738060192,0.339492668545503,0.495630652497353,0.0119760479041916
"588","OTU_3615","Control",-0.0616551355436562,0.0232433660624356,0.161826172394469,0.294685990338164
"589","OTU_3615","Warming",0.102797232364413,0.195311763193812,0.332758788430571,0
"590","OTU_362","Control",-0.00330079349815777,0.122675960398984,0.254547717179562,0.0264550264550265
"591","OTU_36216","Control",0.0167280941580516,0.211253289992115,0.422524601760324,0.0152129817444219
"592","OTU_36216","Warming",0.122229417490229,0.304850541873404,0.51380018717218,0
"593","OTU_3628","Control",-0.101213688835041,0.0872704681882669,0.250618341133778,0.23936170212766
"594","OTU_363","Control",-0.26198074637197,-0.139300991362198,-0.0381894280060852,0.995121951219512
"595","OTU_363","Warming",-0.0103643861390067,0.125810432861014,0.26585287664423,0.0461538461538461
"596","OTU_3632","Control",-0.0763185433336523,0.0863823723519928,0.316795564134914,0.186440677966102
"597","OTU_3632","Warming",0.0483352678250389,0.242832411698979,0.496618471214373,0.00520833333333337
"598","OTU_3633","Control",-0.00330000461387722,0.174940115265579,0.354778543630428,0.032
"599","OTU_3633","Warming",0.439264903336059,0.532716934936247,0.686040209662778,0
"600","OTU_3636","Control",-0.213348573656987,0.0079656820779904,0.237981505153268,0.476885644768856
"601","OTU_3636","Warming",0.120593852768025,0.275619251940912,0.45407460303218,0
"602","OTU_3652","Warming",0.087286891388984,0.271319799719855,0.501930487473387,0
"603","OTU_3661","Control",-0.086545699842328,0.0475538408294618,0.194972632102754,0.286407766990291
"604","OTU_3661","Warming",0.339305474457043,0.574913055397565,0.795196380259504,0
"605","OTU_3672","Control",0.0177630083086054,0.175499245077759,0.366064083203448,0.012
"606","OTU_3686","Control",-0.0835657599915176,0.0962135709073874,0.387816834277008,0.258620689655172
"607","OTU_3686","Warming",0.173562692369834,0.368716034916628,0.651899808929638,0
"608","OTU_3688","Control",-0.127102654851801,-0.0103640190397722,0.105740543600283,0.563
"609","OTU_3688","Warming",0.12446203069883,0.201119666953415,0.30588212383082,0
"610","OTU_37","Control",-0.124404548579888,0.00116652147814533,0.116197739396942,0.476635514018692
"611","OTU_3737","Control",-0.0792306661151512,0.0841210607674007,0.228874091106879,0.154855643044619
"612","OTU_3737","Warming",0.147540422557099,0.265756138713555,0.382838500800007,0
"613","OTU_3757","Control",-0.0111092097499154,0.104532969468855,0.259421850281852,0.0440881763527055
"614","OTU_3757","Warming",0.161965238863191,0.336101192338491,0.512602855356166,0
"615","OTU_377406","Control",-0.144754252566679,-0.0133846546391159,0.180419122093576,0.558265582655826
"616","OTU_38","Control",-0.208590957147789,-0.0549839518546639,0.0867184698138223,0.773
"617","OTU_38","Warming",0.12418709810235,0.238585366348664,0.354138420737043,0
"618","OTU_382","Warming",0.157450183416303,0.29834398934763,0.46863326198574,0
"619","OTU_38228","Control",-0.243680147187166,0.0084840503132066,0.149994792473629,0.454545454545455
"620","OTU_386","Control",-0.0880977263750595,0.0015833744454458,0.0960164170848696,0.495098039215686
"621","OTU_386","Warming",0.119160915246524,0.379595892350015,0.539943895728192,0
"622","OTU_3874","Warming",0.0326716244847983,0.117127612935461,0.217074862691963,0.0058139534883721
"623","OTU_3883","Control",-0.0140961813118841,0.0656485453004366,0.150033767354094,0.052
"624","OTU_3883","Warming",0.142403930986574,0.234464923038696,0.325315747999913,0
"625","OTU_39","Control",-0.0129964160449167,0.11248980745765,0.225211849301981,0.035
"626","OTU_39","Warming",0.200652291107379,0.360639933903845,0.466650232708966,0
"627","OTU_391","Control",-0.0149756851648976,0.109144174486673,0.247369760497534,0.041
"628","OTU_391","Warming",0.165626971632433,0.301175919293,0.46075888223403,0
"629","OTU_3912","Control",-0.0780751601064529,0.0465139187388057,0.173223338950689,0.25139043381535
"630","OTU_392","Control",-0.0524383299517864,0.0782793623249344,0.20782834203909,0.136138613861386
"631","OTU_392","Warming",0.0965604091501342,0.238131509713108,0.390979665421484,0
"632","OTU_3939","Control",-0.113679802683975,0.0438991954370689,0.205770292962009,0.317757009345794
"633","OTU_394","Control",-0.109202365608028,-0.00678645560821412,0.0903563634302003,0.548837209302326
"634","OTU_394","Warming",0.0340160792791981,0.191155063043914,0.339560045005098,0.00757575757575757
"635","OTU_395","Control",-0.0468690785532943,0.0784501396615778,0.202904668803115,0.14004914004914
"636","OTU_398","Control",-0.123589188758943,0.0639527786482127,0.249754913446648,0.233009708737864
"637","OTU_398","Warming",0.0258237137055748,0.112930233734164,0.348431447498258,0
"638","OTU_3983","Control",-0.0133355943331038,0.214497484620515,0.557436349805896,0.0443349753694581
"639","OTU_399","Control",-0.164321788673367,0.0356606473799098,0.185878324844847,0.345971563981043
"640","OTU_399","Warming",-0.013160643039032,0.180919853678591,0.351475038061622,0.0422885572139303
"641","OTU_4","Control",0.00353895156981854,0.126235667597327,0.231715014220977,0.02
"642","OTU_4","Warming",0.178016509401166,0.378590374820062,0.512307233827949,0
"643","OTU_40","Control",-0.0571310059894252,0.0512401338559477,0.160859478147083,0.175
"644","OTU_40","Warming",0.123879725907853,0.241531829651756,0.366713409482075,0
"645","OTU_402","Control",-0.0481415876936572,0.0674146217984806,0.177352024939303,0.0873015873015873
"646","OTU_402","Warming",0.0917062128313377,0.241636493178687,0.411114394056817,0
"647","OTU_4026","Control",-0.0575996809293179,0.110598895467867,0.24674510636486,0.0909090909090909
"648","OTU_4027","Control",0.0170675131104545,0.216154408746195,0.436037509658249,0.0158730158730159
"649","OTU_404","Control",-0.0154104346416871,0.147012221623623,0.303498138044635,0.0402010050251256
"650","OTU_404","Warming",0.2283074170388,0.321266494940494,0.440829615858338,0
"651","OTU_4057","Warming",0.0243044497502276,0.335097250851271,0.60144609907939,0.00555555555555554
"652","OTU_40576","Control",-0.151136235059546,-0.00237830297332276,0.246464913328097,0.504901960784314
"653","OTU_406","Control",-0.122363763210778,0.0117118823468792,0.148466091506088,0.423255813953488
"654","OTU_406","Warming",0.0175219703697015,0.179752150326977,0.328404447042629,0.0197044334975369
"655","OTU_408","Control",-0.0360256251065809,0.0795592359252835,0.207912245028312,0.124069478908189
"656","OTU_408","Warming",0.0901930255079898,0.201539303603308,0.315786929531883,0
"657","OTU_41","Control",-0.16624889202646,-0.0493507016528179,0.163176534618388,0.691860465116279
"658","OTU_41","Warming",0.0963571593006831,0.260062033730797,0.453551431472673,0
"659","OTU_4117","Control",-0.0670519262698494,0.067268313974481,0.185056004572557,0.158415841584158
"660","OTU_4118","Control",-0.0288426243581171,0.0846228873040896,0.309489465204243,0.0726817042606517
"661","OTU_4118","Warming",0.0436435725533951,0.187896528408893,0.424963728834786,0.00315457413249209
"662","OTU_413","Control",-0.128227360896425,0.182633776232733,0.81861867048035,0.298597194388778
"663","OTU_413","Warming",0.0756590010988121,0.421160239112077,1.27871576755166,0
"664","OTU_4164","Control",-0.00190845135178801,0.142986343704468,0.272576302114761,0.029126213592233
"665","OTU_4164","Warming",0.296747972887551,0.469340589284989,0.602994547058745,0
"666","OTU_4172","Control",-0.292181077983114,-0.0342436814622491,0.125053298608876,0.595744680851064
"667","OTU_4178","Warming",0.0543567518675742,0.239779934725172,0.481871617260917,0
"668","OTU_4188","Control",-0.091523873766967,0.0420727648791808,0.598664563733918,0.408719346049046
"669","OTU_4193","Control",-0.253743038503939,-0.115291531291703,0.0234004860040304,0.934959349593496
"670","OTU_4193","Warming",-0.0299170336475944,0.139798834443026,0.318591388642217,0.0396039603960396
"671","OTU_42","Control",0.0920075943610199,0.195571857574965,0.316578439042179,0
"672","OTU_42","Warming",0.197851574567915,0.355992311100145,0.512205512514866,0
"673","OTU_424","Control",-0.0525418228262151,0.0603053686546944,0.186409100893452,0.176
"674","OTU_424","Warming",0.500602754714525,0.642301867127379,0.907265563159627,0
"675","OTU_427","Control",-0.175299468611929,-0.0268043998349229,0.0927040859549372,0.659
"676","OTU_427","Warming",0.0303471756356465,0.125135748556109,0.205899949950041,0.0101010101010101
"677","OTU_43","Warming",0.385402115047058,0.534571543777836,0.703961754236438,0
"678","OTU_430","Control",0.00354957937376338,0.139830744041543,0.297866255187481,0.0279069767441861
"679","OTU_430","Warming",0.0875326497745514,0.257029795968135,0.421883437837561,0
"680","OTU_4300","Control",-0.116002233520714,-0.0228298645624941,0.0850330611625205,0.656862745098039
"681","OTU_4300","Warming",0.163787127761207,0.278596474336521,0.415072295594079,0
"682","OTU_4306","Warming",-0.0351632066086587,0.267201977326442,0.489244002154052,0.0573770491803278
"683","OTU_431","Control",-0.218324433600488,-0.108722957491028,0.0285311737856951,0.934883720930233
"684","OTU_431","Warming",0.114936947552261,0.193334580791441,0.280952624038772,0
"685","OTU_432","Control",0.174795160689395,0.370819252098799,0.496541349258823,0
"686","OTU_433","Control",-0.336819754431714,-0.0758458375016772,0.113017140703382,0.765957446808511
"687","OTU_43697","Warming",-0.0427972999448338,0.176134492983411,0.357748001189633,0.0476190476190477
"688","OTU_4382","Warming",0.18998815063935,0.370850101369661,0.834378262879765,0
"689","OTU_442","Control",-0.0166182968242991,0.0953157718714174,0.262123613025599,0.0735294117647058
"690","OTU_442","Warming",0.122567509977601,0.254239175865557,0.409440138647709,0
"691","OTU_44246","Control",-0.0427157780686412,0.0541915617170582,0.160205112160494,0.173267326732673
"692","OTU_44246","Warming",0.115496694695453,0.234068837113819,0.350466087142654,0
"693","OTU_444","Control",-0.0592448600732351,0.0891536242292693,0.258457802481031,0.143564356435644
"694","OTU_444","Warming",0.439235953132002,0.591378880835175,0.759622337212771,0
"695","OTU_445","Control",-0.170056920695837,-0.0427594691824275,0.100889606085158,0.72
"696","OTU_445","Warming",0.107451157092122,0.229608118688401,0.352871601583557,0
"697","OTU_4468","Control",0.0967836905816443,0.22699663803648,0.374849003173383,0
"698","OTU_4476","Control",-0.0497078767331758,0.0849981007712013,0.245538994064761,0.116455696202532
"699","OTU_448","Warming",-0.332372324850105,-0.0724224512528278,0.122573511038612,0.733333333333333
"700","OTU_450","Control",0.0209149129174515,0.199906491151092,0.413279603396116,0.00970873786407767
"701","OTU_4519","Warming",0.0709447040081411,0.233035198080898,0.327145452017616,0
"702","OTU_453","Control",-0.094216199545117,0.0295978793556288,0.137023588309376,0.311274509803922
"703","OTU_453","Warming",0.126797850616534,0.272237396109945,0.414744796613889,0
"704","OTU_4539","Control",-0.123281405627372,0.04458212843508,0.388496820704394,0.356382978723404
"705","OTU_4556","Control",0.000530329046377152,0.119352028596931,0.229878159414814,0.024
"706","OTU_4556","Warming",0.310404290520345,0.517635598881072,0.680185562224368,0
"707","OTU_456","Control",-0.0733665844328527,0.0613940013229907,0.207421153546048,0.19
"708","OTU_456","Warming",0.155494294783066,0.285811079886381,0.433817129538664,0
"709","OTU_460","Warming",0.120110987140876,0.23440962192228,0.368545339705993,0
"710","OTU_461","Control",-0.137303129050077,0.00290894771269787,0.181149053559269,0.476635514018692
"711","OTU_461","Warming",0.0240284827091071,0.211006757763837,0.446747716568257,0.0150375939849624
"712","OTU_4612","Control",-0.12287301324949,-0.0144079199909611,0.0706580452903329,0.55
"713","OTU_4626","Control",-0.290701502702196,-0.0394460411130183,0.308322806381137,0.623115577889447
"714","OTU_463","Control",-0.178801921537362,0.0135358491760191,0.199816169324621,0.454545454545455
"715","OTU_463","Warming",0.0577722506929085,0.160473112900338,0.258340390783777,0
"716","OTU_46537","Control",-0.262061176364927,-0.142086612147686,0.00439788896276811,0.964673913043478
"717","OTU_469","Control",-0.0573174093191066,0.192539455240941,0.411203447420689,0.0586666666666666
"718","OTU_469","Warming",0.146321836989004,0.373200205789944,0.578572263030457,0
"719","OTU_47","Control",-0.0792525103540697,0.0452385291679239,0.172370848048744,0.242
"720","OTU_47","Warming",0.374945317948011,0.53144897931637,0.623260163847645,0
"721","OTU_48","Control",-0.0876232323518935,0.0458961361536297,0.192929123090567,0.249
"722","OTU_48","Warming",0.153906785173421,0.258037773216567,0.394500409157338,0
"723","OTU_481","Control",0.217833034812451,0.316279178810958,0.410922736384778,0
"724","OTU_481","Warming",0.257168177118042,0.504974841558267,0.731594065297634,0
"725","OTU_482","Warming",-0.0325146015874404,0.188089425104055,0.402259148297927,0.0579710144927537
"726","OTU_4829","Control",-0.135948998269044,0.0362578078782602,0.252419598878924,0.348557692307692
"727","OTU_483","Control",-0.300474501165376,0.0125701905916666,0.276194314924283,0.471744471744472
"728","OTU_486","Control",-0.226942168877161,-0.0775585957517031,0.0650622583525726,0.854838709677419
"729","OTU_486","Warming",0.0683929324640013,0.268680500528752,0.431824775564012,0
"730","OTU_488","Control",-0.0139052608784214,0.119568380830258,0.262809795588279,0.04
"731","OTU_49","Control",-0.0619451692368559,0.123395525738555,0.283707114672573,0.0921787709497207
"732","OTU_492","Control",-0.127706341024605,0.0539995625524418,0.230089339305399,0.311274509803922
"733","OTU_492","Warming",0.0456600749378201,0.206309557627181,0.330183769659519,0.0050125313283208
"734","OTU_494","Control",-0.0754191495550447,0.070327088643306,0.197150293306872,0.156
"735","OTU_49431","Control",-0.121505221158117,0.0364085895024333,0.22615555621105,0.317757009345794
"736","OTU_49431","Warming",0.0190312928519145,0.166637695618716,0.327232179514777,0.00588235294117645
"737","OTU_4969","Warming",0.0119786210801339,0.144811036342925,0.263162230749337,0.0111111111111111
"738","OTU_497","Control",-0.138691936985135,-0.00450004514042592,0.140115623117255,0.525091799265606
"739","OTU_498","Warming",-0.00874213763003393,0.143594327877202,0.32117926227877,0.0344827586206896
"740","OTU_4986","Control",-0.0984347155655099,0.180780178426517,0.365808608526469,0.0808823529411765
"741","OTU_4986","Warming",0.173606858783818,0.355679628394528,0.513481527670785,0
"742","OTU_50","Control",-0.0799521946493287,0.0202425354076017,0.124405309936947,0.34
"743","OTU_50","Warming",0.019532783941122,0.180998255533637,0.326646158488784,0.017
"744","OTU_500","Control",-0.0451792049247018,0.0298490841694665,0.103710433540542,0.265116279069767
"745","OTU_500","Warming",-0.00372530964686046,0.152323062645183,0.280793356428887,0.030690537084399
"746","OTU_501","Control",0.0282038824992205,0.127478294032044,0.230640610679275,0.00800000000000001
"747","OTU_501","Warming",0.151196441152476,0.248847911558851,0.349614777002496,0
"748","OTU_5019","Control",-0.140009775914392,0.00105485867232645,0.159841839990002,0.446808510638298
"749","OTU_502","Control",0.106277281889582,0.199714440949042,0.302085478329578,0
"750","OTU_502","Warming",0.430773041787597,0.559542203198944,0.663991144367258,0
"751","OTU_504","Warming",0.176690001059929,0.338139764377214,0.507516658109993,0
"752","OTU_50510","Control",-0.12431321339104,-0.0230995913346367,0.0804345385667353,0.667679837892604
"753","OTU_507","Control",0.0688756104690259,0.163143664533752,0.270559651488786,0
"754","OTU_507","Warming",0.173017358719288,0.391652723897609,0.547020673979983,0
"755","OTU_5099","Control",-0.0801439008505764,0.107916628276109,0.545852004778542,0.198924731182796
"756","OTU_51","Control",-0.0479577126054323,0.0445239412565982,0.140314532707491,0.178
"757","OTU_51","Warming",0.0987030469550665,0.296752605784719,0.503063538777779,0
"758","OTU_510","Control",-0.0902125633517146,0.0431473270713897,0.1561498243756,0.267605633802817
"759","OTU_513","Control",-0.0881534635296459,0.0855925044064626,0.289319854015438,0.161137440758294
"760","OTU_513","Warming",0.144908737498103,0.293393061146079,0.434971570534082,0
"761","OTU_5136","Control",-0.217698605558422,-0.0371240742854739,0.184118725247739,0.609
"762","OTU_5144","Control",-0.059188170381438,0.151493584516561,0.369841836708513,0.124401913875598
"763","OTU_51507","Control",-0.135554134520415,0.021476339397606,0.159860595910469,0.369829683698297
"764","OTU_51507","Warming",0.267633923880851,0.443741918810525,0.62432764303005,0
"765","OTU_5158","Control",-0.153082704564762,-0.0348997520490728,0.0888887484915482,0.709
"766","OTU_5158","Warming",0.328553654906559,0.491820241303226,0.603811311185472,0
"767","OTU_519","Control",-0.081003581908768,0.052294462737482,0.169291050131912,0.26890756302521
"768","OTU_520","Control",-0.00326967489235911,0.152993723352187,0.300665806277886,0.0272277227722773
"769","OTU_520","Warming",0.161957158157124,0.328495436928233,0.460426197955546,0.00249376558603487
"770","OTU_5225","Control",-0.177735956932714,-0.00640588483504045,0.179102118231307,0.530530530530531
"771","OTU_5234","Warming",0.304107153307011,0.558934543775465,0.744190050897057,0
"772","OTU_52467","Control",-0.041591022880125,0.136525611263743,0.300087404258992,0.0689655172413793
"773","OTU_52467","Warming",0.0761288507662855,0.378649819021946,0.766340904835078,0
"774","OTU_5255","Warming",0.0475462333974213,0.315594730122054,0.654741126088393,0
"775","OTU_526","Control",-0.109533726670645,0.00195020100088078,0.119914791747722,0.488372093023256
"776","OTU_526","Warming",0.129766263093256,0.223773296320073,0.322462095196604,0
"777","OTU_5294","Warming",0.117020556383581,0.227860864921469,0.350106810372089,0
"778","OTU_53","Control",-0.0143072033528684,0.104842287724706,0.22016259544203,0.0533980582524272
"779","OTU_5317","Control",-0.0338616956526452,0.181623722571,0.381097401090824,0.0619469026548672
"780","OTU_5317","Warming",0.204559406739758,0.374358771748832,0.51877461397197,0
"781","OTU_533","Control",0.0933292584853163,0.213202652322502,0.343698410686698,0
"782","OTU_5355","Control",-0.0686954311963909,0.0305204678750518,0.136204871485987,0.282
"783","OTU_5355","Warming",0.0983334401518144,0.193299418833979,0.283293076721188,0
"784","OTU_5374","Control",-0.0101030088856343,0.12802482310127,0.259817211933107,0.038
"785","OTU_5374","Warming",0.284388920614444,0.472322475379035,0.719437202377975,0
"786","OTU_54","Control",-0.0385718647199766,0.0535953939043161,0.141615949078394,0.133
"787","OTU_54","Warming",0.145886603863744,0.251574889977309,0.357873414600792,0
"788","OTU_542","Control",-0.00348911423493439,0.0837284901814071,0.165473216942486,0.0325581395348837
"789","OTU_542","Warming",0.182809321537581,0.281588951008545,0.388464991214796,0
"790","OTU_5433","Warming",0.177366176876249,0.276360412082035,0.416460128078507,0
"791","OTU_5461","Control",0.0038513065491155,0.114868788374348,0.22281688958551,0.015
"792","OTU_5461","Warming",0.112199961631562,0.231955750639011,0.355500365853378,0
"793","OTU_5498","Warming",0.0673610697641866,0.23498699731018,0.413294842643282,0
"794","OTU_55","Warming",0.034949812293383,0.242265220163679,0.413415062378926,0.0145985401459854
"795","OTU_551","Control",-0.0104117378487794,0.128963370643115,0.313513102785539,0.0403225806451613
"796","OTU_551","Warming",0.128496714176862,0.292049566293785,0.483237351281889,0
"797","OTU_5517","Control",-0.164759310005654,0.0570262035722282,0.303850895495138,0.427350427350427
"798","OTU_5517","Warming",0.169662227560782,0.333205873273636,0.547999894437435,0
"799","OTU_5527","Control",-0.0694054021025331,0.108941579304799,0.651002955346878,0.120418848167539
"800","OTU_5532","Control",-0.0287066033918298,0.0822602231418452,0.194979514992837,0.082
"801","OTU_5532","Warming",0.0092423088169144,0.187311033702636,0.338072150231697,0.0172413793103449
"802","OTU_5533","Warming",-0.271285523110679,0.02460648571184,0.237849607825084,0.414141414141414
"803","OTU_555","Control",-0.117544840673681,0.0423676218018195,0.199020777211963,0.30622009569378
"804","OTU_557","Control",0.0121290451876987,0.150452474397437,0.44430361649966,0.0142857142857142
"805","OTU_557","Warming",-0.0611048047063936,0.164160048829753,0.459868174356498,0.111111111111111
"806","OTU_55726","Control",-0.279535184118091,0.0153561924825888,0.249958132102104,0.423255813953488
"807","OTU_55726","Warming",0.0628527065477697,0.270846774228732,0.499776098543499,0.0137931034482759
"808","OTU_5596","Warming",0.190057656682923,0.26019388727826,0.351182106153784,0
"809","OTU_5625","Warming",0.029051665288345,0.189207180044949,0.359470683029743,0
"810","OTU_565","Control",-0.104715062453587,0.0220053677461835,0.155092334815288,0.386046511627907
"811","OTU_565","Warming",0.0518631548494857,0.188772855870497,0.342287104312908,0
"812","OTU_567","Control",0.00736405282054418,0.187336909048402,0.506070362116066,0.00995024875621886
"813","OTU_567","Warming",0.124034439290683,0.375391458611707,0.666728412951876,0
"814","OTU_569","Control",-0.0769741385814573,0.0216900228538747,0.12199204542384,0.335678391959799
"815","OTU_569","Warming",0.0702981035975914,0.167256689557364,0.267574955807981,0
"816","OTU_57","Control",-0.1135363217946,-0.0125359181665655,0.0970021566905144,0.601
"817","OTU_57","Warming",0.405936467355562,0.632220609004022,0.86937374649923,0
"818","OTU_5751","Control",-0.145331211273818,0.0174653617849685,0.18757520477599,0.413953488372093
"819","OTU_576","Control",-0.24413645525203,0.072561665451824,0.613272001097936,0.432506887052342
"820","OTU_5779","Control",-0.520828376608615,-0.109904522028688,0.255494937390641,0.699757869249395
"821","OTU_5779","Warming",0.193380801438105,0.398973737682605,0.587277644236576,0
"822","OTU_5799","Control",-0.107523693509314,0.0311384933102924,0.149785240550029,0.332
"823","OTU_5799","Warming",0.258550191856264,0.407825426390298,0.613421628249577,0
"824","OTU_58","Control",-0.146996369757871,0.023259699165579,0.195794527198276,0.396039603960396
"825","OTU_58","Warming",0.115845086280564,0.29729473452593,0.450965912269279,0
"826","OTU_5803","Control",0.0272027017393095,0.158261931911553,0.36083413054166,0
"827","OTU_5803","Warming",0.0948779182032333,0.288592821421405,0.542395218164356,0
"828","OTU_5818","Control",-0.0713097448054276,0.0919560442540453,0.28237175564608,0.168508287292818
"829","OTU_58383","Warming",0.098384911597236,0.219593446839692,0.355363123582495,0
"830","OTU_5876","Control",-0.0913552928607642,0.0766348780320427,0.461266473724422,0.276974416017798
"831","OTU_59","Control",-0.0462131876657161,0.101778487954075,0.216615334564876,0.076
"832","OTU_59","Warming",0.107447907515888,0.302725473890011,0.46800045641773,0.001
"833","OTU_5907","Warming",0.11201453894048,0.283217760514225,0.43213220611307,0
"834","OTU_5912","Control",-0.00932363671614148,0.138455018622741,0.476716868834686,0.0648648648648649
"835","OTU_5913","Control",0.00194086189230109,0.114011492607041,0.235281917243231,0.0218446601941747
"836","OTU_59537","Control",-0.158892405782051,-0.0453537298457808,0.054891429511992,0.808333333333333
"837","OTU_6","Control",-0.0317423860729148,0.106107603635792,0.218679566599294,0.0580000000000001
"838","OTU_6","Warming",0.4097538073254,0.52782430598697,0.640311605864181,0
"839","OTU_60","Control",-0.0152406830953568,0.0687848403844555,0.14278958276718,0.047
"840","OTU_60","Warming",0.173847601477483,0.27313277238878,0.372173249726514,0
"841","OTU_60377","Control",-0.0345900496702858,0.0912920776543288,0.203580125624327,0.0725806451612904
"842","OTU_60377","Warming",0.121158396890963,0.197653462896102,0.302562463243177,0
"843","OTU_604","Control",-0.189548962290423,-0.0781493288232383,0.0201142235585912,0.931578947368421
"844","OTU_604","Warming",0.0480521250227721,0.185691692118952,0.349311880033394,0
"845","OTU_606","Control",-0.0331788695709826,0.0965683216225557,0.341493296308558,0.121951219512195
"846","OTU_606","Warming",0.0523732972858178,0.235143420109929,0.411254729639194,0
"847","OTU_608","Warming",0.0337868565257406,0.139468178266277,0.251090269125117,0.00779220779220779
"848","OTU_61","Control",-0.12286425328371,0.0808905928782039,0.394788794867133,0.306878306878307
"849","OTU_611","Warming",0.0125470277593015,0.205207222823443,0.444299027713697,0.015625
"850","OTU_61576","Control",-0.22302866525409,-0.0964362054256592,0.137118140192201,0.839473684210526
"851","OTU_61576","Warming",0.0871426623257394,0.256840459177063,0.458740880419855,0
"852","OTU_6165","Warming",0.254129359577866,0.386278524756791,0.579433385683988,0
"853","OTU_6182","Control",-0.21413430954304,-0.00155737072925183,0.16856878736238,0.516587677725118
"854","OTU_6182","Warming",0.162632140909151,0.406510229315724,0.675466053038264,0
"855","OTU_6191","Control",-0.26465733067148,-0.14132999971463,-0.0233900958363316,0.995348837209302
"856","OTU_6191","Warming",0.0261872003592339,0.147513158157912,0.273708753201082,0.00765306122448983
"857","OTU_62","Control",-0.192057136168321,0.136339633646854,0.498620274355968,0.25
"858","OTU_62","Warming",0.0966499179219653,0.414533404264625,0.685168205375189,0
"859","OTU_6263","Control",0.0429471424734159,0.092173437300525,0.148111811538438,0
"860","OTU_6263","Warming",0.116506392059053,0.199809140997215,0.277783415201065,0
"861","OTU_629","Control",0.0290184965355423,0.124054052289316,0.277954305128204,0.00813008130081305
"862","OTU_63064","Control",-0.0848743581098958,0.0408196475963282,0.147800325481597,0.257352941176471
"863","OTU_63064","Warming",0.0829079495943274,0.212423274052274,0.332529269385871,0.00249376558603487
"864","OTU_6355","Control",-0.252195803627037,-0.0421822601587042,0.173874298734581,0.640845070422535
"865","OTU_6366","Warming",-0.449597342698896,-0.107760756149643,0.310752047647753,0.566371681415929
"866","OTU_64","Control",-0.154637456792722,-0.0380444041119723,0.0968674380882969,0.725
"867","OTU_64","Warming",0.114193726762191,0.225041013636607,0.331866469240399,0
"868","OTU_641","Control",-0.0541247205049026,0.0682204238778288,0.199607000728643,0.141
"869","OTU_641","Warming",0.326023507130381,0.463926430477792,0.584118522855821,0
"870","OTU_64177","Control",-0.0265508963027362,0.0792371479471115,0.207577901367372,0.0710900473933649
"871","OTU_644","Control",0.0045649323921269,0.101540413706725,0.195284551367062,0.018
"872","OTU_644","Warming",0.117200577088601,0.227718126954008,0.334664415610827,0
"873","OTU_6450","Warming",-0.109813113278072,0.0654836938933284,0.262990461819575,0.238461538461539
"874","OTU_6479","Control",-0.000224089420280654,0.108593282999312,0.202166134709843,0.026
"875","OTU_6479","Warming",0.122157936258333,0.225601074446358,0.34255244129664,0
"876","OTU_6490","Control",-0.0143793150572741,0.167446990380021,0.56531985170446,0.0377358490566038
"877","OTU_6490","Warming",0.142233603050682,0.290463168850312,0.644324447640996,0
"878","OTU_6503","Control",0.0138366747492747,0.216253940785452,0.500384914990707,0
"879","OTU_652","Control",-0.196766975642056,-0.032499206684732,0.10603104116808,0.691729323308271
"880","OTU_653","Control",-0.189981682066178,0.14505146484213,0.58598535179673,0.292011019283747
"881","OTU_6569","Control",-0.0457714426705148,0.057595335239107,0.191133392632653,0.162790697674419
"882","OTU_6569","Warming",0.0996288293693175,0.219289708689361,0.356988141516666,0
"883","OTU_659","Warming",0.127606651266163,0.316557696784517,0.457172388372123,0
"884","OTU_66","Control",0.0122252750926641,0.0940007251677987,0.173905043136426,0.012
"885","OTU_66","Warming",0.134671141062456,0.230676463570088,0.326055002441034,0
"886","OTU_6610","Control",-0.0719149293606044,0.0663303970373552,0.289475651322947,0.239782016348774
"887","OTU_6624","Warming",-0.0903357194304894,0.117417975781644,0.382343530118498,0.169811320754717
"888","OTU_666","Warming",0.303191694901616,0.472333738951277,0.625315932095773,0
"889","OTU_6663","Control",-0.0284201979822195,0.149845443882001,0.322870830929976,0.0526315789473685
"890","OTU_66681","Control",-0.160452025697032,0.0319847547553655,0.254953309586306,0.379310344827586
"891","OTU_669","Control",-0.196769659257719,-0.0291052280201236,0.104292893278108,0.649509803921569
"892","OTU_669","Warming",0.127536129933107,0.261222237322774,0.413309671567039,0
"893","OTU_6690","Warming",-0.0365211578632646,0.181375985062796,0.450842737023217,0.0725806451612904
"894","OTU_66942","Warming",0.0728262545178463,0.245826218073976,0.417407604776167,0
"895","OTU_670","Control",-0.0679790580098294,0.0286070585338018,0.120870076682017,0.223255813953488
"896","OTU_670","Warming",-0.240127289454079,0.0466563867825844,0.242877981346715,0.318181818181818
"897","OTU_672","Warming",0.137274087249966,0.251242766550604,0.335801284308752,0
"898","OTU_67260","Warming",0.20297619395091,0.291019075199525,0.359558061166454,0
"899","OTU_678","Control",-0.0780285170445289,0.0657037012884456,0.235263926707765,0.193627450980392
"900","OTU_678","Warming",0.14523533451488,0.291076109827883,0.466551738810649,0
"901","OTU_6792","Warming",0.0775966265513155,0.238489941767315,0.393987010735167,0.001
"902","OTU_6797","Warming",-0.0125561526038747,0.125303677599742,0.272512933847009,0.0397727272727273
"903","OTU_68","Control",0.049094068703317,0.236400414125716,0.419528017392251,0.00700000000000001
"904","OTU_68","Warming",0.431392029473489,0.58793414233642,0.73946818472258,0
"905","OTU_6815","Control",-0.00302271211584092,0.123849868670439,0.236614619091786,0.029
"906","OTU_6815","Warming",0.318949019538797,0.413047795273852,0.504110622426209,0
"907","OTU_682","Control",-0.0963213842695331,-0.00240652733138068,0.0694828616956849,0.519900497512438
"908","OTU_682","Warming",0.0940489784822659,0.198818492526012,0.302050124299088,0
"909","OTU_6838","Warming",0.121110923475806,0.23753859827173,0.301443708563149,0
"910","OTU_6839","Control",-0.111428051050378,0.0308107000702929,0.19588958486481,0.35427135678392
"911","OTU_6839","Warming",0.0821981979555679,0.203115055047887,0.292383860680878,0
"912","OTU_6847","Control",-0.295269062004777,-0.079838562976982,0.2361150860746,0.652631578947368
"913","OTU_6872","Control",0.0828491845796277,0.247205854615071,0.471764574088816,0
"914","OTU_6872","Warming",0.349328894208865,0.541243692739915,0.763505743964265,0
"915","OTU_6898","Warming",0.0493730881593713,0.124804110040378,0.21574224380797,0
"916","OTU_6941","Control",0.0622199971275157,0.178311376459726,0.298568605106393,0
"917","OTU_6941","Warming",0.314028534837758,0.462392409976294,0.614332197648363,0
"918","OTU_6985","Control",-0.135052875586591,0.104389937515263,0.362977152924223,0.304347826086957
"919","OTU_7","Control",-0.0534637167834602,0.0545705820716024,0.183639217797055,0.185
"920","OTU_7","Warming",0.0623256546303008,0.23881231652542,0.408290515154148,0.005
"921","OTU_702","Control",-0.240551368305775,-0.0261328124835834,0.149374291322859,0.56544502617801
"922","OTU_703","Warming",0.0223279927469138,0.215979512456581,0.365387184633183,0
"923","OTU_7053","Control",-0.125383816059811,0.0614137904255902,0.205953081147748,0.271844660194175
"924","OTU_7053","Warming",-0.146439969881597,0.214874733005957,0.456280293438251,0.109243697478992
"925","OTU_71","Control",-0.170285791002525,-0.0528624499713488,0.0769507021405064,0.776
"926","OTU_71","Warming",0.0651967037380102,0.207354940129625,0.33174913388741,0.002
"927","OTU_719","Control",-0.186380512539956,0.113485197001927,0.478154074843922,0.25
"928","OTU_719","Warming",0.125924233558438,0.271117040460323,0.458490986175561,0
"929","OTU_729","Warming",0.00938440536411534,0.23684784190584,0.542223395187862,0.0218978102189781
"930","OTU_73","Control",-0.0864850047774728,0.0761381462380374,0.239172927993155,0.160891089108911
"931","OTU_73","Warming",0.183183923624892,0.307011171224774,0.431104491136292,0
"932","OTU_731","Control",0.0165195160925464,0.149757133485547,0.363678124887027,0.013953488372093
"933","OTU_731","Warming",0.0173260009168761,0.223804407191526,0.479995069566188,0.02
"934","OTU_732","Control",-0.133825852856616,0.0187628129937941,0.170516180482702,0.373170731707317
"935","OTU_736","Control",-0.165341334165433,-0.0743767167265836,0.0256532461356858,0.901719901719902
"936","OTU_736","Warming",0.0696481435229921,0.162591254389564,0.25142899922137,0
"937","OTU_737","Control",-0.156887159461724,0.0123290074087122,0.154004132558443,0.419047619047619
"938","OTU_737","Warming",-0.0978232231537512,0.132693564787224,0.328375742251374,0.127182044887781
"939","OTU_74","Control",-0.0868853944277832,0.0570437202080444,0.186088336084269,0.188725490196078
"940","OTU_74","Warming",0.0314759137717617,0.33622232614719,0.544101229499884,0.00990099009900991
"941","OTU_741","Control",-0.0216580231834937,0.123757562829311,0.301037542321054,0.0514705882352942
"942","OTU_741","Warming",0.120404450507906,0.258474976182222,0.423215397946128,0
"943","OTU_742","Control",0.0342819957390398,0.141332321316576,0.266568847096478,0
"944","OTU_742","Warming",0.20836550683545,0.348342886802767,0.477742515776146,0
"945","OTU_74324","Control",-0.0151417508416172,0.0561883749827774,0.145550351148727,0.0872617853560682
"946","OTU_74324","Warming",0.0281633199696824,0.235925768389326,0.440821199612327,0.0152284263959391
"947","OTU_7462","Control",-0.156817211109501,-0.00374614784321362,0.082988917551889,0.525059665871122
"948","OTU_7462","Warming",-0.0430511704790659,0.174109292253094,0.322934380388415,0.0384615384615384
"949","OTU_74770","Control",-0.139517845911137,-0.00100395948656307,0.119708396101845,0.504950495049505
"950","OTU_74770","Warming",-0.0847975565929553,0.0483255452167852,0.180367892945766,0.269230769230769
"951","OTU_75","Control",-0.0273065634914915,0.0562559900589244,0.132356119910424,0.0882352941176471
"952","OTU_75","Warming",0.146681843891126,0.259205304429463,0.364632668660017,0
"953","OTU_751","Control",-0.0524108289823631,0.154274612106392,0.33548922700836,0.0686274509803921
"954","OTU_751","Warming",0.322162594145404,0.45246573296607,0.558954663938061,0
"955","OTU_757","Control",-0.038453214129328,0.107819810071729,0.28116864252223,0.0967741935483871
"956","OTU_757","Warming",0.119809149738856,0.279295857339391,0.478230824642745,0
"957","OTU_771","Control",0.0319141909458369,0.135271357366358,0.270094990201496,0.00485436893203883
"958","OTU_771","Warming",0.346998188752173,0.453067828020985,0.589712173690228,0
"959","OTU_7713","Control",0.0634742976343186,0.191683537318613,0.350935503594029,0.00440528634361237
"960","OTU_772","Control",-0.00781120018731013,0.110631478963986,0.222239678077341,0.0564516129032258
"961","OTU_772","Warming",0.0827592011304566,0.199811623036366,0.300748904680557,0
"962","OTU_777","Control",-0.0623396672396806,0.0438415234337814,0.143223620149842,0.251162790697674
"963","OTU_777","Warming",0.128682687764015,0.236395236226445,0.352896235270441,0
"964","OTU_7772","Control",0.00330829823387507,0.0892945489221209,0.171532057668686,0.021
"965","OTU_7772","Warming",0.119037339889626,0.220314598914133,0.331806437790987,0
"966","OTU_7787","Control",-0.166078474785169,0.0990623868615682,0.620391930389581,0.272277227722772
"967","OTU_7787","Warming",0.0392732203356203,0.248637907899274,0.787135737532254,0.00523560209424079
"968","OTU_78","Control",-0.0897686638805029,0.0698383231028328,0.400386010668343,0.145161290322581
"969","OTU_78","Warming",0.0689119279272128,0.263041419021283,0.534354673787726,0
"970","OTU_782","Control",-0.24503608116063,-0.0610935546882686,0.110742066252707,0.740196078431373
"971","OTU_782","Warming",0.200448578266288,0.313580128184892,0.425204309710586,0
"972","OTU_783","Control",-0.0583513020144533,0.0912077322663858,0.314805099929418,0.189473684210526
"973","OTU_7839","Warming",0.30099869934643,0.671950494420974,0.9987085994429,0
"974","OTU_787","Control",-0.0139798625945214,0.0874135323673987,0.194992170494153,0.0388349514563107
"975","OTU_787","Warming",0.339017586128986,0.475374148411912,0.623229460373812,0
"976","OTU_7933","Warming",0.0304761798860788,0.255134017920539,0.464278318916646,0.0247933884297521
"977","OTU_796","Control",-0.0581880063355792,0.108716451503011,0.290093174921651,0.0947867298578199
"978","OTU_796","Warming",0.308404367574313,0.469526669082559,0.676481636816644,0
"979","OTU_80","Control",-0.116124579941084,-0.0129088533252394,0.072205199558911,0.622
"980","OTU_800","Control",0.205503857792493,0.349620614312306,0.459746549621213,0
"981","OTU_8007","Control",-0.0339428701267677,0.0887479848629911,0.284529207359548,0.0732984293193717
"982","OTU_804","Control",-0.061215187977147,0.0643781531465172,0.197900836187796,0.178
"983","OTU_804","Warming",0.338375678482921,0.568334817329698,0.897537893269862,0
"984","OTU_805","Control",0.112733554396442,0.264787735381682,0.396645723455501,0
"985","OTU_81390","Warming",0.0965090091384166,0.237828369403387,0.351963133402805,0
"986","OTU_815","Warming",0.0588041327232546,0.282109580454315,0.531899553136305,0
"987","OTU_820","Control",-0.0297699417221585,0.163649243406361,0.326818467706267,0.0371287128712872
"988","OTU_820","Warming",0.134221925395999,0.284183791825465,0.436456309778827,0
"989","OTU_821","Control",0.0368419418634954,0.149479393641983,0.248718569057737,0.00249999999999995
"990","OTU_821","Warming",0.343511153918528,0.420255410812262,0.491658485522402,0
"991","OTU_822","Warming",0.138370037208646,0.27614619040583,0.387118233986456,0
"992","OTU_83","Control",-0.239293475802133,-0.0844449999950765,0.0498465361225055,0.893023255813953
"993","OTU_83","Warming",-0.0501102345535102,0.140277536008708,0.308308148948723,0.0600000000000001
"994","OTU_833","Control",-0.200666632486732,-0.0326748290484598,0.136886810154057,0.683291770573566
"995","OTU_833","Warming",0.100767996869969,0.231237645710573,0.369369159227693,0
"996","OTU_841","Control",-0.0645376643707724,0.110338300942106,0.29501444507244,0.173652694610778
"997","OTU_841","Warming",0.199140591996133,0.372680379837527,0.537261522233785,0
"998","OTU_844","Control",-0.126542049699974,-0.0308007790664654,0.0806016276290015,0.668292682926829
"999","OTU_848","Warming",-0.0319129795882712,0.167097048030286,0.393716899170377,0.075187969924812
"1000","OTU_8482","Control",-0.054654862454877,0.153798786978697,0.426957157514748,0.140243902439024
"1001","OTU_8482","Warming",0.229022857440261,0.44347163318913,0.718463144444945,0
"1002","OTU_85","Control",-0.0872302979300997,0.032105004728037,0.118862211411964,0.32093023255814
"1003","OTU_85","Warming",0.142970826253851,0.236725428300011,0.318067909059155,0
"1004","OTU_852","Control",-0.030884395956447,0.134361002890997,0.374532270078623,0.0590000000000001
"1005","OTU_852","Warming",0.181257139831904,0.363357488347082,0.593365075603202,0
"1006","OTU_853","Warming",-0.169364963351358,0.147597024497803,0.326765518886248,0.221311475409836
"1007","OTU_859","Control",0.00503478872200241,0.154847442679121,0.344396568559601,0.016260162601626
"1008","OTU_86","Control",-0.0234330485411495,0.0607639985266408,0.176295828791067,0.095
"1009","OTU_86","Warming",0.20910276340868,0.338673802392386,0.497601525443414,0
"1010","OTU_862","Warming",0.146234771904629,0.317658154318874,0.490454378224636,0
"1011","OTU_863","Control",-0.314445739840737,-0.0732830144125332,0.123600154952387,0.765419615773509
"1012","OTU_863","Warming",0.117370298136624,0.259389430228505,0.402471937807615,0
"1013","OTU_869","Control",-0.114272007505984,0.0356082822604947,0.177321898119856,0.322274881516588
"1014","OTU_869","Warming",0.314986676112939,0.487522910316331,0.731523874280939,0
"1015","OTU_87","Control",-0.0393750753666005,0.114811884431067,0.225231733769499,0.0484261501210653
"1016","OTU_8753","Warming",0.320967755294794,0.658093532381903,0.961600606030581,0
"1017","OTU_8759","Control",-0.222774146244893,0.0174239223953507,0.276898850253778,0.456521739130435
"1018","OTU_878","Control",-0.000746721558083168,0.167829927089166,0.313854270806122,0.0279069767441861
"1019","OTU_878","Warming",0.125862640150177,0.22628187883564,0.364496370904995,0
"1020","OTU_881","Control",-0.0645149946320257,0.0996052255291471,0.285911493304269,0.139
"1021","OTU_881","Warming",0.525303566251001,0.754806992197121,0.940471201839517,0
"1022","OTU_893","Control",0.00666002690493804,0.190644699271655,0.417392675168267,0.0221130221130221
"1023","OTU_893","Warming",0.13604517484899,0.346232482977162,0.589079483618663,0
"1024","OTU_8947","Warming",0.0533215923011237,0.189480992640192,0.35156823683775,0
"1025","OTU_896","Control",-0.0547133770187168,0.0293655720965127,0.109388532831185,0.266
"1026","OTU_896","Warming",0.0885372789267921,0.196504983324576,0.299350919949293,0
"1027","OTU_8976","Control",-0.10960313224068,-0.010259599261401,0.167697329181221,0.552
"1028","OTU_8976","Warming",-0.0332198559882588,0.121936359624449,0.344931543613472,0.102362204724409
"1029","OTU_90","Control",-0.104077908252748,0.0496115554789285,0.23544520694986,0.303
"1030","OTU_90","Warming",0.0441856767487348,0.2080331230731,0.422405782021185,0.00452488687782804
"1031","OTU_9020","Warming",0.202244608458196,0.353100333858046,0.500022243187861,0
"1032","OTU_909","Control",-0.610085536214314,-0.228573939774056,0.135140136574926,0.862385321100917
"1033","OTU_909","Warming",-0.0175229566356745,0.1391194444375,0.320647213169063,0.0925925925925926
"1034","OTU_9094","Warming",0.119509920488471,0.219904229103493,0.459045638873031,0
"1035","OTU_9095","Control",-0.0169534919572707,0.0629857450602969,0.149235674538323,0.0588235294117647
"1036","OTU_9095","Warming",0.186181006449778,0.269868533735192,0.351315921915812,0
"1037","OTU_91","Control",-0.166175687618998,-0.0549937138555664,0.053353704329572,0.819512195121951
"1038","OTU_910","Warming",-0.00118884159035079,0.133262357454419,0.398574210831804,0.0487804878048781
"1039","OTU_914","Control",-0.0109664998025385,0.200142144924242,0.715260123208329,0.0418848167539267
"1040","OTU_914","Warming",0.171211373315698,0.454798194766027,0.969628692102049,0
"1041","OTU_916","Control",-0.178219741693217,0.00942227398326233,0.17486070080138,0.429752066115702
"1042","OTU_9171","Warming",0.163100054274028,0.338089561248879,0.643104409328501,0
"1043","OTU_920","Control",-0.194324410718605,-0.0531456965506849,0.0930818360440217,0.772058823529412
"1044","OTU_920","Warming",0.137090982488508,0.242462187268348,0.375378319217075,0
"1045","OTU_928","Control",-0.0880670142200881,0.0410131978320093,0.169976668286915,0.260869565217391
"1046","OTU_928","Warming",0.132576682224037,0.242753382772389,0.346561755297732,0
"1047","OTU_93","Control",-1.01654996901129,-0.489215536881449,0.114477506493189,0.943548387096774
"1048","OTU_941","Control",-0.0895417532268206,0.0575153619265153,0.298128172094316,0.235576923076923
"1049","OTU_941","Warming",0.0718858937218408,0.250417743472426,0.478744692850002,0
"1050","OTU_94460","Control",-0.0766780145174042,0.0772906834235922,0.200863375616965,0.215909090909091
"1051","OTU_94460","Warming",0.0485225166643423,0.233958968679901,0.402758227664472,0.00588235294117645
"1052","OTU_9469","Control",-0.111349896480113,0.143760850557766,0.378510851101995,0.128
"1053","OTU_9469","Warming",-0.0683133164393218,0.209427971707818,0.484666006199546,0.0775193798449613
"1054","OTU_95","Control",-0.0396021006841612,0.0611383645848475,0.167478256925105,0.142156862745098
"1055","OTU_95","Warming",0.122933675070679,0.263568983130322,0.404978429620011,0
"1056","OTU_9525","Control",-0.0440942424966428,0.104028633863895,0.260484174659208,0.089
"1057","OTU_9525","Warming",0.360146213131867,0.495475187932443,0.631435348815945,0
"1058","OTU_96","Control",-0.0760135001867721,0.0618326190997187,0.26672123557654,0.251207729468599
"1059","OTU_961","Warming",0.123727818902896,0.2511800820346,0.376249711191547,0
"1060","OTU_963","Control",-0.143702139103388,0.0123081972764057,0.190757215343795,0.421836228287841
"1061","OTU_964","Control",-0.142843382043399,0.0181808824749829,0.251952203782184,0.425531914893617
"1062","OTU_967","Control",-0.0840849039008552,0.0968154382839185,0.25190340938735,0.149
"1063","OTU_967","Warming",0.37221583018474,0.477562584655213,0.60043592664931,0
"1064","OTU_97","Control",-0.133276857651785,0.0396978481826782,0.204843560642454,0.355555555555556
"1065","OTU_97","Warming",0.117348822171641,0.33133519614438,0.545328259439977,0
"1066","OTU_971","Control",-0.0624210770841968,0.100840571138528,0.263898107114553,0.134751773049645
"1067","OTU_976","Control",-0.0779594167561116,0.0103324288858364,0.0797890855223104,0.395348837209302
"1068","OTU_976","Warming",0.0498240992023476,0.129893644755539,0.213797701685801,0
"1069","OTU_977","Control",-0.121055344354667,0.0328306112399775,0.185432944557852,0.352941176470588
"1070","OTU_978","Control",-0.114017195225291,0.00391265219864259,0.123835722725497,0.467
"1071","OTU_9788","Warming",0.0107608898707701,0.303700444045359,0.499022588318437,0.021505376344086
"1072","OTU_9800","Warming",0.00799590184723487,0.270914608223396,0.517108630213887,0.0265486725663717
"1073","OTU_984","Control",0.0103295614194095,0.123538443176632,0.229074938142619,0.00465116279069766
"1074","OTU_988","Control",-0.253715335990906,0.0147813402183219,0.231378498039882,0.42962962962963
"1075","OTU_988","Warming",-0.0431271522501674,0.17258527841298,0.390541431441335,0.0628019323671497
"1076","OTU_99","Control",-0.0194922263495104,0.0941184234534429,0.222317779906897,0.049
"1077","OTU_99","Warming",0.0755608908326347,0.201895578321456,0.336890976116336,0
"1078","OTU_990","Control",-0.0654137526339248,0.122432860444264,0.405283617119475,0.160377358490566
"1079","OTU_998","Control",-0.150527604174827,0.0303198526309382,0.234869109066033,0.403846153846154
"1080","OTU_998","Warming",0.0881145678073796,0.22965590294486,0.4105199191767,0
"1081","OTU_9991","Control",-0.19715773845561,-0.0323961022191113,0.167085430167394,0.584022038567493
