"otu_id","W1_Moss_21","W1_Moss_22","W1_Moss_23","W1_Moss_24","W1_Moss_25","W1_Moss_26","W1_Moss_27","W1_Moss_28","W1_Moss_29","W1_Moss_30","W1_Moss_31","W1_Moss_32"
"OTU_10098",0,0,0,0,0,0,0.726136716406585,0.391006412513525,0.367655988639806,0,0,0
"OTU_10142",0,0,0,0,0,0,0.807993948329105,0.383366308174892,0.416833951818574,0.312190135887819,0.264724348013484,0
"OTU_1016",0,0,0,0,0,0,0,0,0,0.472963394646342,0.241021215525115,0.363634808701188
"OTU_101",0,0,0,0,0,0,0.2915734216519,0.36334412522426,0.214104341814449,0.358242658553661,0.129184652804788,0.194885331744209
"OTU_102",0,0,0,0,0,0,0.43031821887361,0.12118424843561,0,0.37614610171318,0.179562319441625,0
"OTU_1036",0,0,0,0,0,0,0.56500586169944,0.215110527993794,0.105919981071547,0.270515810682862,0.0404163095264852,0.0292139186425025
"OTU_10372",0.273320900629282,0.0443065861837483,0.170681535160284,0,0.128346293167639,0.189244784867698,0,0,0,0,0,0
"OTU_1047",0.29634888698573,0.0276770766066176,0.0755536779154593,0,0.244934252746922,0.265093385670152,0.704876573455367,0.530953153929844,0.672832325251473,0,0,0
"OTU_10566",0,0,0,0,0,0,0.43169947495432,0.551673679041873,0.20411125648487,0.38827478660363,0.204099299183407,0
"OTU_10633",0,0,0,0,0,0,0.432613297335971,0,0,0.429006884271109,0.195202989623445,0.362762608378505
"OTU_1066",0,0,0,0,0,0,0.230778595323539,0.224349819659809,0,0.251219276119512,0.0908662965757726,0
"OTU_1069",0.48753962214112,0.442573643134864,0.263349124651657,0.189840631521972,0,0,0,0,0,0,0,0
"OTU_10707",0,0,0,0,0,0,0.526950440136284,0,0,0.427659763150193,0.187680325070953,0
"OTU_1074",0.112059775013396,0.178531401189403,0.142028685359545,0.082808738822409,0,0.221434080308527,0.39151032807834,0.389049617757084,0.275020473153716,0.371355473701683,0.22375616980794,0.184507910733251
"OTU_107",0.177471540440982,0.2478436242163,0.0303748412959071,0,0.119690139990697,0.181040843118653,0.503618948478246,0.393113840675195,0.412444742434984,0.729201491223349,0.561984578323227,0
"OTU_10806",0,0,0,0,0,0,0,0.222523911970516,0.116536521504801,0.28993986123843,0.0427396468588191,0
"OTU_109",0,0,0,0,0,0,0,0,0,0.373927419663123,0.354507128715056,0.0537007670944407
"OTU_10",0.293446971008244,0.110480200108666,0.160456841490257,0,0.210686311576077,0.0961864717140741,0.56521690407219,0.447689189605156,0.527329327788243,0.447329624309627,0.355578425332845,0.0169323644568904
"OTU_110784",0,0,0,0,0,0,0,0,0.374337819113048,0.482550435450068,0.235932936640348,0
"OTU_1119",0.203399003647333,0.194345857952358,0.299991791530722,0.00521351848829713,0.0598989826486372,0.133018805148349,0.590608428451326,0.40642263124422,0.622241291961044,0,0,0
"OTU_1127",0,0,0,0,0,0,0.654338562677101,0.513378044171894,0.99580324234502,0,0,0
"OTU_11362",0.245870819281248,0.0505099668903618,0.368766632882781,0,0.139750560287635,0.150189323347081,0,0,0,0,0,0
"OTU_1136",0,0,0,0,0,0,0,0,0.266129775497883,0.270276561006518,0.0482599305352019,0
"OTU_1140",0,0,0,0,0,0,0.680171606700202,0.536176185849162,0,0.298523247515574,0,0.287402904388048
"OTU_1141",0.16878550776041,0.153153832509617,0.0450448155917472,0.158272222411012,0,0.0157048912556778,0.406792139869761,0.449931067028874,0.251288146489331,0.343329943241206,0.141732793711425,0.121511819191904
"OTU_1146",0,0,0,0,0,0,0.370719168011116,0.354157217076388,0,0,0,0.0210193141641047
"OTU_114",0,0,0,0,0,0,0.661497046079714,0.355724467400886,0.244858359899811,0.748904007706742,0,0
"OTU_1150",0,0,0,0.219901251836816,0.150663687447291,0.168347784713565,0.735986583877581,0.466121943463538,0.390139559683712,0,0.415167723731043,0.00847647147115672
"OTU_1152",0,0,0,0,0,0,0.24123736620926,0.159005336433149,0.135272736463582,0.283070101937138,0.0961350852214547,0
"OTU_116",0,0,0,0,0,0,0.0968714180440599,0.35705469151141,0.217671619163746,0.316393617597406,0.132215278671729,0
"OTU_11764",0,0.299611930496671,0,0.219626963317107,0,0.216061720363367,0.382501620569313,0.586277503332963,0.370289853669522,0,0,0
"OTU_1178",0,0,0,0,0,0,0,0.371786197060344,0.226680784869695,0.32974546878365,0.0761089758473799,0
"OTU_1179",0,0,0,0,0,0,0.476793707531214,0.389508995563244,0,0.311576975419635,0.0958341291925885,0
"OTU_1188",0,0,0,0,0,0,0.690008732105813,0.240560005667867,0.120414548179362,0.562465723453812,0,0.212773607288846
"OTU_118",0.171813626436514,0.150473213846924,0.0860994956341816,0.105220552391192,0.0650374929560834,0.187260818477035,0.476089456822301,0.391070456362585,0.209319765427477,0.307135292701159,0.11760144097123,0.141300429263892
"OTU_119",0.275067268756913,0.0351860867607472,0.13767560971234,0.189540189980399,0,0.249590568251608,0.516760063801221,0.544257617807114,0.277254674927243,0.376061008684575,0.207325784534328,0.289114598452404
"OTU_11",0,0,0,0,0,0,0.361225788154277,0.311846838003087,0.171061622146464,0.301251312492968,0.109509698331243,0.10862724114374
"OTU_1200",0,0,0,0,0,0,0.419650608728118,0.332969649286046,0.265118005040435,0.309842351719773,0.127598568883239,0.200473420738477
"OTU_120707",0,0,0,0,0,0,0.428691506646892,0.446849027629653,0.265338029730317,0.418288454907572,0.128109779421643,0
"OTU_1209",0,0,0,0,0,0,0.42371784593964,0,0.460592684277132,0.489482805189742,0.287747080762363,0
"OTU_12148",0,0.173624509755862,0,0,0.00725036473417656,0.187997302796969,0,0,0,0,0,0
"OTU_121",0,0,0,0,0,0,0.672686068886817,0.506516260415459,0.450744242069213,0.62259119432512,0.722491269291572,0
"OTU_1229",0,0,0,0,0,0,0.441046327100321,0.457851889833867,0,0,0.166923014588561,0
"OTU_1231",0,0,0,0,0,0,0.560979003066581,0.41778246363708,0.471798996070515,0.606465845867618,0.332775559163194,0
"OTU_123",0,0,0,0,0,0,0.258495769922182,0.362962641585662,0.133711665350388,0.233315990484678,0.0348138832100182,0.128389917753017
"OTU_124205",0,0,0,0,0,0,0,0,0.325283909163457,0.304777419146348,0.0935619059891095,0
"OTU_12608",0,0,0,0,0,0,0,0.253254062506096,0.247163046040026,0.317575451529147,0.0373078029647188,0.192859249537137
"OTU_12655",0,0,0,0,0,0,0.314553477595711,0.362927357608089,0,0.264288016107444,0.0482020020926572,0.145228574535835
"OTU_1268",0,0.167823269502838,0.110914589405818,0.155326678629033,0.0177984870488454,0,0.523798630277537,0.489699991061839,0.343679098410813,0.425579854254555,0.190784737565182,0
"OTU_126",0,0,0,0,0,0,0.203210890137482,0.461627776723295,0.106530732112629,0.255572202354979,0.0997382134133845,0.164621873083066
"OTU_1294",0.214732484022551,0.191965111588088,0.165594180929514,0.251240145267165,0,0.297388656218377,0.524033615354411,0,0,0.387133529538304,0.194169951341303,0.225167080740174
"OTU_129",0.225307001833507,0.399536309435153,0,0.161479780428749,0,0,0.676674953290585,0.470144070713668,0.120272508081247,0.349695210996534,0.130612597873713,0.164859713383167
"OTU_12",0,0,0,0,0,0,0.727523171090198,0.444057889254122,0.387783767241297,0.426314013412269,0.377659309287109,0
"OTU_1304",0.350824847135133,0.302204334097732,0.202795321028629,0,0.221920642930821,0.0640984996258839,0.564021687120098,0.391397344884886,0.42722607105049,0,0.379467666555124,0.120217674387548
"OTU_1305",0,0,0,0,0,0,0.328220215803304,0.349970872298721,0.274509824968639,0.281062461726326,0.148448849222387,0
"OTU_1309",0,0,0,0,0,0,0,0.301780630899693,0.268897978099646,0.276561283015316,0,0
"OTU_130",0,0,0,0,0,0,0.380901542501833,0.438340748517938,0.270770722909814,0.396753042344781,0.192670799769615,0.370572872289783
"OTU_1313",0.242879253378093,0.150113122563962,0.23036482282369,0,0.202342104568688,0.129548168119232,0.588010712210588,0.464976111657408,0.352401141810195,0,0,0
"OTU_131",0,0,0,0,0,0,0.255633351975629,0.258295192007076,0.209217515881282,0.33114374851242,0.208873433763233,0.0140602898706181
"OTU_1324",0,0,0,0,0,0,0.398123473439915,0.386589542503353,0.297712637465172,0.314363836648944,0.16379744718156,0.22077372954973
"OTU_1325",0,0,0,0,0,0,0.249388140023189,0.267369452861704,0.190879410134956,0.372213145826972,0.148298033051917,0.25367340356051
"OTU_1334",0.28757343208511,0.100848686170308,0.0773614266342661,0.0928695601806306,0.0552185858659938,0,0.444220632139467,0.401322015333155,0.217144239705716,0.334679038983735,0.114679310448793,0.161284624299109
"OTU_134",0.300987856159705,0.161435235199523,0.157080956878583,0.171145362759049,0.0540584671354548,0.0738447499279056,0.624915235710491,0.508839661104555,0.283757381338113,0.386093027891689,0.190598871142245,0.23377297168054
"OTU_1352",0,0,0,0,0,0,0,0.363956971648781,0.225018366540678,0.325055700374013,0.1198801039972,0
"OTU_1357",0,0,0,0,0,0,0,0,0.187001856270445,0.236559199075278,0.0763629155723154,0.143401158983288
"OTU_136",0,0,0,0,0,0,0.404939321085399,0.512899687852131,0.217190938661629,0.288133061835917,0.0892109649288469,0.184278153631929
"OTU_1386",0,0,0,0,0,0,0,0.308786548994658,0,0.292325251920567,0.0673780748184812,0
"OTU_1395",0.142192759664853,0.0757839324869534,0,0.102314060858164,0.0283591162438265,0.047747742298336,0,0,0,0,0,0
"OTU_140",0,0,0,0,0,0,0.534557199873452,0.479469083000653,0.346076082738869,0.30440024923477,0.165592284178198,0
"OTU_142",0,0.218317605206375,0.459683821092505,0,0.184810558599331,0,0,0,0,0,0,0
"OTU_14353",0,0,0,0,0,0,0,0,0.35907344354951,0.331083828589139,0.177361433872623,0.066398863644767
"OTU_1435",0,0,0,0,0,0,0.29050586497866,0.381316614694908,0.16707254795732,0.310367619271416,0.111896209200727,0.137125469443146
"OTU_143",0,0,0,0,0,0,0.184664271580592,0.241082691883656,0.170992687418447,0.301836369767021,0.123994844956658,0
"OTU_144332",0,0,0,0,0,0,0,0.473070827028367,0,0.358951688178873,0.277022797458632,0
"OTU_1450",0,0,0,0,0,0,0.407454215326755,0,0.146893557440083,0.219759249763884,0.0281179942416436,0.137636833715769
"OTU_1457",0,0,0,0,0,0,0,0,0.06513514809915,0.240389918777489,0.0564777371932406,0.112981857834062
"OTU_145",0,0,0,0,0,0,0.125417528179355,0.0382291061098623,0.0936903528420918,0.226881270939783,0.137120867036807,0
"OTU_1468",0.262350680250387,0.00133938473464542,0,0,0.161113725473037,0.170067581068735,0,0,0,0,0,0
"OTU_1476",0,0,0,0,0,0,0.147398849726879,0.34511337075228,0.23999319325963,0.331498743989202,0.1651612200921,0.199632748681431
"OTU_147",0.43245349203129,0.585452481450001,0.403217345751491,0,0.0392037333484557,0,0,0,0,0,0,0
"OTU_148",0,0,0,0,0,0,0.707162051157637,0.340281181924648,0.280027658876178,0,0,0
"OTU_1499",0,0,0,0,0,0,0.476376439489357,0.468696836411695,0,0.423139704761521,0.181510621529097,0
"OTU_14",0,0,0,0,0,0,0.289743124043593,0.36654317360555,0.211319985052336,0.286746548625589,0.106813700013025,0.160081528418681
"OTU_1512",0,0,0,0,0,0,0,0,0.208749000448352,0.341397094406542,0.0689122303507776,0.0722967180207393
"OTU_151",0.154935596921761,0.17826888820411,0.154363692936247,0.158533929569995,0.12632612171652,0.209878179772609,0.306347493750423,0.4657901617821,0.282713216018525,0.375533463351796,0.154776957388229,0.0373278392266202
"OTU_1528",0,0,0,0,0,0,0.431009097896941,0.0649394124345486,0.257557451472513,0.280870718003768,0.0760324665511409,0.0408194810591436
"OTU_1547",0,0,0,0,0,0,0.196447314065295,0.352976922067193,0,0.244618840135384,0,0
"OTU_1558",0,0,0,0,0,0,0.617040414162176,0.518052074126299,0.226982968326995,0,0.550512442682885,0
"OTU_155",0,0,0,0,0,0,0.119672191456102,0.294710538860853,0.220640641816106,0.347327679513914,0.128768472221989,0.228839514898608
"OTU_156",0,0,0.247971789561205,0.228612834998092,0.284724793823712,0.360604733096152,0,0.145307874093074,0.321671609555842,0.449379500596394,0.212477015228553,0.164151797018319
"OTU_1576",0.224115882688995,0.305910728429296,0.132343517551556,0,0.140806060877164,0.151384376797806,0.683039215372834,0.463223987106493,0.389987123649543,0.433933491789397,0.451936109431186,0
"OTU_1580",0,0,0,0,0,0,0.307719750318292,0.193379331223109,0.136571610060344,0.236104849815994,0.046512779039786,0.0871154206351946
"OTU_158",0,0,0,0,0,0,0.289295249488279,0.359427343634112,0,0.320909585856932,0.14332364945992,0.123857999233695
"OTU_1592",0,0,0,0,0,0,0.503057314841936,0,0,0.309050241272017,0.0741976142664967,0.11085470787484
"OTU_15972",0,0,0,0,0,0,0.430599463377713,0.377856462813495,0.0799600164881918,0.257931338873429,0.0690534525236141,0
"OTU_1597",0,0,0,0,0,0,0.308639085314073,0.357833685458126,0.186907721455225,0.286748790284995,0.0895677731466816,0.181730655385783
"OTU_15991",0,0,0,0,0,0,0,0,0.184785534465408,0,0.0857121468428465,0.18564018152548
"OTU_15",0,0.648895960731881,0.392769021808265,0.158202324600459,0.0769424197269113,0.128653743112936,0.622118516403169,0.431562668427324,0.30258134021611,0.688909747484143,0.530657373381737,0.00650720329225703
"OTU_160",0,0,0,0,0,0,0.259535506459936,0.345446045128523,0.271293970233047,0.408834866732378,0.289124910526734,0.0948665099153023
"OTU_16296",0,0,0,0,0,0,0.350208058728999,0.342489757823909,0.197362399703468,0,0.0759711648241106,0
"OTU_1629",0,0,0,0,0,0,0,0,0.165806801123116,0.270511213069565,0.0996135807263011,0
"OTU_1650",0.0864714848999925,0.200329568432195,0.225612699847676,0,0,0,0,0,0,0,0,0
"OTU_1656",0,0,0,0,0,0,0.423881468994723,0.423248528940393,0.208817614149651,0.278274453873216,0.0956755798076317,0
"OTU_1665",0,0,0,0,0,0,0.431509754957191,0,0.137261312351064,0.357779905834212,0.10120727533723,0.0414252479251069
"OTU_1672",0,0,0,0,0,0,0,0,0.176167542581761,0.232995203934689,0.0676102779781158,0
"OTU_1673",0,0,0,0,0,0,0.0738595542604278,0.281376125356554,0.265168054860814,0.267260549714241,0.108013414168567,0
"OTU_167",0,0,0,0,0,0,0,0.326118908257941,0.0812854276549785,0.264009815773225,0.0895891989969983,0.0834733155291565
"OTU_1680",0,0,0,0,0,0,0.381058466756295,0.349878390500091,0.243190507706576,0.334347708955877,0.140317626793388,0.209896336771255
"OTU_1684",0,0.131932497301651,0.178402149318917,0.121078679919067,0.229292136160148,0.259706124172168,0.538760971449759,0.496458571437156,0.336474604339733,0.378519173464521,0.195111842861897,0.189185531331601
"OTU_1685",0,0.201286045987498,0,0.0987588289227217,0.0346907459400774,0,0.318526620356539,0,0.137646551780833,0.243464740118753,0.0417079555652044,0
"OTU_1699",0,0,0,0,0,0,0,0.499805309213485,0,0.330122448261752,0.216171257990446,0
"OTU_16",0.0967446862742178,0.184487646609596,0.261747289750902,0.347988685475516,0.255393684358057,0,0,0,0,0,0,0
"OTU_17069",0,0,0,0,0,0,0.346775516184528,0.414170807476917,0,0.308733466795589,0.15459282519015,0
"OTU_1711",0,0,0,0,0,0,0.58036215377558,0.48457476972974,0.502600144877351,0,0,0
"OTU_1750",0,0,0,0,0,0,0.658934304510297,0.410964394478741,0.31365651996287,0,0,0
"OTU_1776",0,0,0,0,0,0,0.22092051927995,0.394223169350159,0.219443154021732,0.240752126626074,0.0448872743673932,0.223160299021807
"OTU_177",0,0,0,0,0,0,0.427374041999021,0.310030860170576,0.241698265073751,0.315429911682272,0.120891717277752,0.14405297521538
"OTU_178",0,0,0,0,0,0,0,0.30116047279026,0.171644730278344,0.33227519092298,0.117782140350681,0.095653299636571
"OTU_17939",0.229940383748287,0.222702523091761,0.165132206061754,0.220833016049915,0.208469052641604,0,0.532390713651631,0.392203665747333,0.292391011440764,0.317219333157285,0.173132869039372,0.229057441414521
"OTU_17",0,0,0,0,0,0,0.392227586969741,0.452376456254069,0.293747798840578,0.383263489508141,0.193249944788635,0.25896501605752
"OTU_1808",0.501820149923925,0,0.193011468509917,0.0940701361412073,0,0.148005322077653,0.584391828976695,0.412286037536813,0.206459772792631,0,0,0
"OTU_180",0,0,0,0,0,0,0.460063927030407,0.490771208959149,0.233654197086435,0.25443080491122,0.0885076752362243,0
"OTU_1811",0,0.215266304464742,0.250945776281522,0.0127318504391817,0.131837606478856,0.153690830529214,0,0,0,0,0,0
"OTU_181",0.217076798822222,0.317424633131651,0.182113792156882,0.141986588488154,0.0766207391796127,0,0.608470505067575,0.443457923995137,0.401409140426904,0.536663598151958,0.194823424503266,0.514426886059466
"OTU_182",0.277202405155166,0.11373244602244,0.150646523967459,0.169885834469008,0.0242927242709401,0.0128049416825479,0.421450418968975,0.448236556344878,0.24432983738549,0.313533338901261,0.152038765182927,0.172417149604427
"OTU_1840",0.235704794170554,0,0.0624178945633957,0,0.18812578697643,0,0,0,0,0,0,0
"OTU_18630",0,0.0323815909986451,0.178374661563186,0,0.253858505221,0.156359398890238,0,0,0,0,0,0
"OTU_1865",0,0,0,0,0,0,0.658586403184181,0.466972759135228,0.484734315765057,0,0.432495998858344,0
"OTU_187",0,0,0,0,0,0,0.65916866150389,0.49560193192011,0.351025118482326,0.665191084672953,0,0
"OTU_1889",0,0,0,0,0,0,0.387136902577084,0.444302438334589,0,0.338694344710112,0.0837357814732454,0
"OTU_1890",0,0,0,0,0,0,0.194703672587283,0.219160915675364,0.150177407336279,0.249250444360272,0.107281117000024,0.143641654532511
"OTU_1902",0,0,0,0,0,0,0.405967561605001,0.143615498962403,0,0.316407799391,0.12068415765954,0.25057196027143
"OTU_19030",0,0,0,0,0,0,0.51258611570273,0,0.275122561629097,0.350641140223864,0.12749149852105,0.0393539214119469
"OTU_1914",0,0,0,0,0,0,0,0,0.153358397750656,0.220774450972193,0.0362876562034981,0.103824063724293
"OTU_19163",0,0,0,0,0,0,0.48235303551633,0.459497755215761,0.286418853153581,0.391917357228246,0.20269045282523,0.149116196369493
"OTU_1922",0,0,0,0,0,0,0.343656377913129,0,0.353045610403892,0.421603813263097,0.199740994560175,0
"OTU_193",0.203761111584116,0.112337135663945,0.0740177098979238,0.097425528134421,0.00342827599218904,0.118078317617263,0.266650120848298,0.387436005638995,0.232530709730552,0.291331542572392,0.129933180375911,0.206144023415761
"OTU_1967",0,0.0373751395674235,0.133191173530204,0.0501271765985592,0.00802955362489446,0.113195951564103,0,0.405392174924877,0.126404575415439,0.306530204567497,0.0803771666124182,0.192115621354689
"OTU_196",0,0,0,0,0,0,0.339601112691142,0.330501557449328,0.132237977045148,0,0,0.140157466452629
"OTU_1978",0,0,0,0,0,0,0,0.388328878163279,0,0.254473277337197,0.155725509281224,0.219458256628819
"OTU_198",0,0,0,0,0,0,0.343474438208626,0.38438992223606,0.228502394648605,0.314892830078274,0.102167267900561,0
"OTU_1991",0,0,0,0,0,0,0.507979187337261,0,0,0.346834411187141,0.123936851471122,0
"OTU_199",0,0,0,0,0,0,0.329294648514274,0.251024735680445,0.20665815165616,0,0.223158523497024,0
"OTU_1",0,0,0,0,0,0,0.70580178204719,0.42768299466886,0.323029593122257,0.409040799365647,0.384802611657119,0.00139720731237026
"OTU_2002",0,0,0,0,0,0,0.315096896921353,0.368042237353248,0.118398245989415,0.307780894867329,0.0672273408555958,0
"OTU_2009",0,0,0,0,0,0,0.441687882563598,0.494152413006316,0.294938995398707,0.455564355804021,0.183926805281468,0.231830901822158
"OTU_201",0,0,0,0,0,0,0.570225093561934,0.439958354499016,0.492846054984999,0.808637134227973,0.437760876001963,0
"OTU_203",0,0.0653452371230971,0.224652270719679,0,0,0.0808232084606241,0,0,0,0,0,0
"OTU_2089",0.21993025923344,0,0.27380626515603,0,0.0246911509096823,0.187950043102923,0,0,0,0,0,0
"OTU_209",0,0,0,0,0,0,0.2934239406512,0.219303428914634,0.140480828096401,0.278534851662176,0.0787999086216578,0.0808688142747435
"OTU_20",0,0,0,0,0,0,0.281136399367394,0.376013526016826,0.25606913876856,0.372467499217912,0.160587517909078,0.202847309749316
"OTU_21094",0.209286343695298,0,0.0562313911032418,0,0.203313971970299,0.201425880464811,0,0,0,0,0,0
"OTU_210",0,0,0,0,0,0,0.361868138039568,0.459490409765598,0,0.312693289477879,0.142225469978881,0.205518059852632
"OTU_2112",0,0,0,0,0,0,0.373603854538895,0.403524850456454,0.23628596811187,0.328745004999834,0.108805447507047,0.181093943240379
"OTU_21391",0,0,0,0,0,0,0.691262402882289,0.401232273526647,0.511190053024544,0.408817703371386,0.369635955605985,0
"OTU_215",0,0,0,0,0,0,0.480239106268175,0.397535133572488,0.191997025447389,0.316886027442495,0.158036214154357,0.0801367240920439
"OTU_216",0,0,0,0,0,0,0.34192707821348,0.136383242094477,0.119176486954119,0.340064975449863,0.0643554998563013,0
"OTU_2178",0,0,0,0,0,0,0.382255449329138,0.400699266832302,0.205322121933733,0.28935090435942,0.100219419234999,0.145242928903961
"OTU_2181",0.352563884091703,0,0.258630927366196,0,0.277935491807834,0.0916124340477179,0.56425090207799,0,0.560494507481959,0,0.366255289498904,0
"OTU_219",0,0,0,0,0,0,0.373727349194644,0.448598051223507,0.243263610431872,0.319565682046367,0.125720808204177,0.142619599613518
"OTU_21",0,0,0,0,0,0,0.428804433838438,0.370581028267655,0.135424365186035,0.3092822416231,0.137700386976366,0.147890121667681
"OTU_220",0,0,0,0,0,0,0,0.604870267263365,0.344483208000953,0.51027676925232,0,0.378499067770079
"OTU_2213",0.188118033223414,0,0,0,0.235193826379912,0.131607022865436,0,0,0,0,0,0
"OTU_2219",0,0,0,0,0,0,0.264942464163839,0.282339087367284,0.289865913335782,0.356337419079606,0.137671623478349,0.156757802054583
"OTU_22209",0.126635988961545,0.149098135658708,0.0494816947983291,0.160953379137803,0.0674460428475485,0.183466561867765,0.326375296137836,0.397210945117821,0.231838962240879,0.362308642238942,0.127996120902909,0.179767820239616
"OTU_22324",0,0,0,0,0,0,0,0.370760511946698,0,0.24072623575661,0.0300386406301665,0
"OTU_223",0.19542985869937,0.304863205842145,0.171161220852934,0.24436435686341,0,0,0.26997896988781,0.532167446944043,0.283019937113118,0.37108613694849,0.16307170928986,0.253858999845097
"OTU_224",0,0.217312810375323,0.0763302882136337,0,0.239711238724281,0.0463144812351316,0.515676940727365,0.377712356110382,0.624718718461618,0,0,0
"OTU_2258",0,0,0,0,0,0,0.23281565955586,0.268476758019681,0,0.17382078086632,0,0
"OTU_22623",0,0,0,0,0,0,0.415481752322068,0,0,0.361248475270887,0.140161387726911,0
"OTU_226",0,0,0,0,0,0,0,0.400641153258259,0.170003573165352,0.287538300542126,0.0921734977240038,0
"OTU_2287",0,0,0,0,0,0,0.497735045688533,0.418582671768215,0,0.433854843310117,0.147699370291045,0.16868311472325
"OTU_22",0.186057895577852,0.135935694558937,0.129524709188051,0.170265448201269,0,0.189488254961518,0.451748910308945,0.34417913137998,0.217028849499467,0.372996297032114,0.154431750014621,0.172800380290863
"OTU_2326",0,0,0,0,0,0,0.439804578409583,0.480382259879297,0.279829119315912,0.338701295912609,0.149813780275327,0.309139735481695
"OTU_234",0,0,0,0,0,0,0.188883491700986,0,0.113337664625776,0.263357278661262,0.145160382658815,0
"OTU_235",0.228296485276799,0,0.13766547528663,0,0.204624070870256,0.171987542099492,0.701457050558418,0.472740944261159,0.382355128911309,0,0.562139215023434,0
"OTU_2364",0,0,0,0,0,0,0.359930208057662,0.440695368069841,0.208691575003156,0.322155723313077,0.154849112570868,0
"OTU_237",0,0,0,0,0,0,0.357332005285507,0.241849394258,0.198747020728723,0.274236375970934,0.150882704443602,0
"OTU_2381",0,0,0,0,0,0,0.53740456241036,0.372844186080098,0.458057625218293,0,0,0
"OTU_2392",0,0,0,0,0,0,0.400044493151828,0,0,0.343874441142287,0.225671034267609,0.136678480004037
"OTU_23",0.282568502752384,0.201018506032806,0.0523205876294247,0,0.249506828847606,0.256377991309003,0.684207671340001,0.464496164799004,0.489425209011248,0,0.509114404693285,0
"OTU_2409",0,0,0,0,0,0,0.385693710339641,0,0,0,0.16784946877821,0.13029384125057
"OTU_24173",0,0,0,0,0,0,0.403173232833691,0.292981695446462,0.192563773852276,0.379236010596473,0.100397308034692,0.0835313778122722
"OTU_241",0.450068863078512,0.221206625898441,0.203075559391885,0.179959402570321,0.226053301795735,0,0.373912099350432,0.563020443556782,0.249027359968789,0.399881457621027,0.216390320204347,0
"OTU_24235",0.178334891760902,0.0128878891597253,0.191423120951761,0,0.062577681711989,0.200967032318933,0.643133552665637,0.465170952759683,0.330212544644309,0,0,0
"OTU_2424",0,0,0,0,0,0,0.117690814043298,0.446346464326913,0.182481718744599,0.340489949780501,0.160910248729904,0
"OTU_2443",0,0,0,0,0,0,0.434441380743371,0.202892933718623,0,0,0.126799069143581,0.143030614956099
"OTU_2447",0,0.164524892881944,0.107373349041972,0.131216865851777,0.0484135458222402,0,0.46542853276016,0.18374680257704,0,0.27988624404189,0.096906282193869,0.0909853006587764
"OTU_2451",0,0,0,0,0,0,0.53681866879542,0.489952072570116,0.296741616577005,0.41052517808225,0.212868486591977,0
"OTU_24570",0,0,0,0,0,0,0.319304278406469,0.398340635945362,0.160050866044073,0.293859309021734,0.106695088252454,0
"OTU_2465",0.181390033677669,0.170548075896247,0.0586921477163872,0.14289355743996,0.0047621403348498,0.225448155524301,0.265794723071783,0.399544066757045,0.248907202184109,0.370928511935725,0.172940185660797,0.252467304402677
"OTU_247",0,0,0,0,0,0,0.197156928130356,0.376356471298864,0,0.306056776296609,0.137707566277852,0.115427121585272
"OTU_2482",0,0,0,0,0,0,0.242206972558039,0.189873208838223,0,0,0.0897969576820582,0
"OTU_24867",0,0.0841934066784645,0.119610788239545,0.119031191096466,0.00985305706489277,0.0416322444692777,0,0.32488826061422,0.137308113546313,0.27552376759716,0.104246447951226,0.092098832271733
"OTU_249",0,0,0,0,0,0,0.420861101304229,0.365289868128141,0.250814870562152,0.325647560571988,0.140234968908714,0.21186389964657
"OTU_24",0,0,0,0,0,0,0.655459021137612,0.467597708694886,0.38067319963593,0.855736321409721,0.693449270095585,0
"OTU_2536",0,0,0,0,0,0,0.442422734146377,0.453312232422635,0,0.31892757852545,0.165639252086472,0.229583217388131
"OTU_253",0,0,0,0,0,0,0,0,0.198594046835883,0.243194714695888,0.131697112054883,0.119298685112693
"OTU_2542",0,0.110754017057657,0.139849718187212,0.157501072512238,0.207240296773838,0,0,0.446635691058061,0.240849974264283,0.357941633994489,0.170981961337227,0.19790581906024
"OTU_2557",0,0.235406818423302,0.124430202290847,0.318782897563007,0.0928607764620207,0.156761728495543,0,0,0,0,0,0
"OTU_2574",0,0,0,0,0,0,0.437921570634216,0.41505567833332,0.279300449478386,0,0,0.13517277862635
"OTU_2598",0,0,0,0,0,0,0.31410188645037,0.358634404884295,0.216579174849222,0.286995324127103,0.107085485546807,0.147897178472567
"OTU_25",0,0.653154882896102,0.388985622599802,0.177591372343877,0.196165852879145,0.0387491497717955,0.700929975530088,0.439588276407848,0.503101303617282,0.598128668826183,0.439422838897594,0
"OTU_2633",0,0,0,0,0,0,0.254698737849116,0.262461598846198,0.157757285527902,0.240712162627831,0.0881004636424898,0.168110413240017
"OTU_2638",0,0,0,0,0,0,0.432845405107084,0.380287230182439,0.231429518251118,0.34518635629,0.139761482338714,0.207330407205265
"OTU_265",0,0,0,0,0,0,0.292287649767569,0,0,0.251445737301669,0.0704136664584677,0
"OTU_2660",0,0,0,0,0,0,0.451766508740601,0,0.252039156376145,0.419286139809735,0.145504215296389,0
"OTU_266",0,0,0,0,0,0,0.277115475549782,0.14555328638365,0.255572805673339,0.294603008916959,0.139538404366267,0.16550129162319
"OTU_278",0,0.162989207513888,0,0.13883465426779,0.0557534533729783,0.152125174509229,0.365358188468323,0.398785691185307,0.216861958593713,0.31576905871678,0.152564781530919,0.114643644624928
"OTU_27",0.511513322060697,0.463828372524024,0.405285577833168,0.123374992057443,0.174831837943032,0.122518291814538,0.641772649505919,0.427536185662813,0.413713796926628,0.68633409464816,0.499960168838085,0
"OTU_283",0,0,0,0,0,0,0.163147793950513,0.414526469657769,0.313680519085534,0.340500169604778,0.139002216746999,0
"OTU_2855",0,0,0,0,0,0,0.307700754020533,0.429899193713923,0.261651296865739,0,0,0.123263599153554
"OTU_2867",0,0.612348403765856,0,0,0.0429683570939083,0.219951660463281,0,0,0,0,0,0
"OTU_286",0,0,0,0,0,0,0.423307698338731,0.355198191744762,0.263583741408608,0.315540122650642,0.143878930210391,0
"OTU_2871",0,0,0,0,0,0,0,0.171637027103316,0,0.332486688311216,0.0950193845416134,0
"OTU_2879",0,0,0,0,0,0,0.311524845054095,0.372481020366242,0.204801524634292,0.273518923984979,0.141020758862452,0.143742554952099
"OTU_28",0,0,0,0,0,0,0.184300212631884,0.294377392175862,0.192611066719133,0.314761002886682,0.146545288657919,0
"OTU_2904",0,0.129181788841524,0.0827949100561686,0.232434960313965,0,0,0,0.338439323916694,0.294795173602096,0.396654346729825,0.206869649430236,0
"OTU_290",0,0,0,0,0,0,0.170613360043675,0.261078431639474,0.202037717674895,0,0.203510237088741,0.331525065688996
"OTU_2928",0,0.0637509514050866,0.183338746436645,0.172205213702958,0,0.0663885216290299,0.33525769423574,0.482653428825611,0.344782390225957,0.397269213015801,0.174680689326697,0.228486259707879
"OTU_292",0.211916184835752,0.0978592133935353,0.268784620308862,0,0.109600449574205,0.203503045268645,0.625685210084059,0.50494227936146,0.40566389936374,0,0.294978147549027,0
"OTU_293",0.268768240252171,0.133677665569106,0.126207546233844,0.0161921310687605,0,0.195954256733144,0.408787827733063,0.440559414609379,0.257348603589688,0.308048401269675,0.128428010494755,0.136990553418495
"OTU_2943",0,0,0,0,0,0,0.369655120774849,0.271034439502707,0,0.321018978141061,0.181146796220189,0
"OTU_299035",0,0,0,0,0,0,0,0,0.269849047688851,0,0.112856271632243,0.0985707606342827
"OTU_299",0,0,0,0,0,0,0.505997684637111,0.281537417143059,0.29299264131161,0.415945775686617,0.200034832529089,0
"OTU_29",0.0445248158717338,0.113128958120373,0,0.13262085598728,0,0.205930319161742,0.339947386092142,0.209401593674705,0.207972184232757,0.366850567002237,0.133864251543816,0.199771145467859
"OTU_2",0,0,0,0,0,0,0.66256068669299,0.44562700766883,0.314145811969893,0.554722864087022,0.429472315755653,0.0441158383754809
"OTU_300",0,0,0,0,0,0,0.72296843048835,0.405859289568967,0.336293198786347,0.956457876864812,0,0
"OTU_3026",0.202089108713931,0.108410898974059,0.191156443600807,0,0.157050094737928,0.198970332540746,0,0,0,0,0,0
"OTU_3039",0.190211376945603,0,0.0198189401401351,0,0.00917948117971725,0.128778263081428,0.614750846548429,0.370147764344206,0.211565884662269,0,0,0
"OTU_3040",0.0871791948200116,0.0528850712769957,0.0954750836130269,0.134701812497987,0,0.15414029295983,0.243818297131415,0.348017012716747,0.199887235179225,0.268840967586243,0.0824675177148954,0.0503696802060566
"OTU_3056",0,0,0,0,0,0,0.623171077245676,0.361269285499085,0.288192141902102,0,0.419513949619586,0
"OTU_30",0,0.0612422522834721,0.163687798133944,0.243310027730314,0.278387152955055,0,0,0,0.298759676462291,0.333256903080402,0.19188665071953,0
"OTU_310",0,0,0,0,0,0,0.444506733771911,0.465327829333945,0,0,0.173149407074961,0
"OTU_31111",0,0,0,0,0,0,0.655136222676258,0.383558818394227,0.277472093736701,0,0,0.0989587278581059
"OTU_312",0,0.109952471717076,0.275538078774385,0.089640907173616,0.00436886070351031,0,0.309117987266331,0.224103110745697,0.314951977931049,0,0.126857507901369,0
"OTU_31432",0,0,0,0,0,0,0,0.235431041462657,0.206520217312603,0.316021774251012,0.0751717985657575,0.133636290188892
"OTU_314",0.320857255563823,0.0587073805281009,0,0.120506976630866,0.0297799818110696,0,0,0,0,0,0,0
"OTU_3150",0,0,0,0,0,0,0.42745687766702,0.505253815457883,0.214087514958617,0.412143881583386,0.216576364407513,0
"OTU_316",0,0,0,0,0,0,0,0,0.227070010959976,0.255815484734612,0.103760631691044,0
"OTU_3177",0,0,0,0,0,0,0.398753725946053,0.38646907904832,0,0,0,0.139211996315792
"OTU_317",0,0,0,0,0,0,0.410064819682629,0.253859918878564,0.153766677107469,0.209248900141253,0.120725342813021,0.153645234037861
"OTU_3180",0,0,0,0,0,0,0,0.365076170164509,0.0868411211670797,0.256220327942506,0.143662043745027,0.0642743000369896
"OTU_3202",0,0,0,0,0,0,0,0,0.36334757691668,0.379766347566056,0.203020600386208,0.221633997870731
"OTU_320",0,0,0,0,0,0,0.62155866441853,0.493914233883748,0.265193252355535,0,0,0
"OTU_32348",0,0,0,0,0,0,0.564364403858891,0,0.285440044100616,0.42743011761917,0.207962722258698,0
"OTU_3252",0,0,0,0,0,0,0.227962841161139,0.299672169376638,0.0711816126562265,0.217798738018171,0.0927429389057476,0
"OTU_325",0,0,0,0,0,0,0.44513694379337,0.598441513345083,0,0,0.0204091497838628,0
"OTU_3262",0.274006463673925,0,0.385172937952343,0,0.0992475423789967,0.203524979568623,0,0,0,0,0,0
"OTU_326",0,0,0,0,0,0,0.1281965612766,0.331775469449692,0,0,0,0.0325631137401534
"OTU_3273",0,0,0,0,0,0,0.274045588005062,0.378181797848417,0.204809939703865,0.259580473965928,0.096860076772209,0.126345500615218
"OTU_32762",0,0,0,0,0,0,0,0.334038791089252,0,0.226489667436796,0.0658300495842006,0.186598896996606
"OTU_3291",0.198401347918706,0.504023091689205,0.231071782463919,0,0.144823144799292,0.0274241841485346,0.529904466065387,0.337170262128086,0.601945457806782,0.326276136441553,0.27563488864822,0.120392055793106
"OTU_32",0,0,0,0,0,0,0.236585418564133,0.219958061486116,0.354871620243286,0.309759329913297,0.310382531883041,0
"OTU_3310",0,0,0,0,0,0,0,0.503320057733888,0,0.317578301649729,0.127541798084321,0
"OTU_333",0,0,0,0,0,0,0,0.50594107648873,0.32987223440949,0.344360325678779,0.18214290295176,0
"OTU_3357",0,0.184211665466939,0.079192739597602,0.311127586069279,0,0,0,0.468754217455399,0.213780481286566,0.434273027574569,0.299181605462974,0.243214416633401
"OTU_335",0.246118594201429,0.0555629209732077,0.0776655316070616,0,0.149689888061749,0.179042583453162,0.65829251239281,0.529016229745528,0.454174998634941,0.581692443304814,0.39587313775454,0
"OTU_3368",0,0,0,0,0,0,0.278329544509875,0.317949367839935,0.205594973802265,0.207302592639229,0.041725774026062,0.156911933102084
"OTU_3373",0,0.118640930216129,0,0.0968632493067748,0.15165255954652,0.14092412640472,0,0,0,0,0,0
"OTU_33988",0,0,0,0,0,0,0.541592388983515,0,0.33143374763342,0.396638241326223,0.193228018873385,0
"OTU_339",0,0,0,0,0,0,0,0.662277778947422,0.299843054336413,0.721252697957987,0.344695508502059,0
"OTU_3416",0,0,0,0,0,0,0.558886197311101,0.471400578375731,0.602586627374271,0,0,0
"OTU_341",0,0,0,0,0,0,0.266058133337124,0.427454593799669,0.0995133112495631,0.209532395094539,0,0
"OTU_3430",0,0,0,0,0,0,0,0.329006537207014,0,0.289544361888081,0.100569585507158,0
"OTU_34322",0,0.12984684654471,0.208070171986353,0.157637320362911,0.0722540915191967,0.151270390707571,0,0.477363384370777,0.283499277954923,0.292304849936983,0.193659023733433,0
"OTU_3494",0.190244185400985,0.203716896391099,0.120730922495689,0,0.189073066921426,0.125643017314639,0.629931214458077,0.368174870332154,0.499452363132877,0,0,0
"OTU_3507",0,0,0,0,0,0,0.34349377300077,0.360906235918442,0.245234568050192,0.292908635368364,0.0955983488845556,0.137779716650148
"OTU_35567",0,0,0,0,0,0,0.363108575858461,0,0,0.301870767928395,0.13516150754396,0
"OTU_35827",0,0.223386254894669,0.193737483011562,0,0.160250704448316,0.218943126918675,0.548015864822156,0,0,0,0.262017421206661,0.193473472288864
"OTU_358",0,0,0,0,0,0,0,0,0.163296958440386,0.258541928068637,0.128116254875237,0.144560040790325
"OTU_36093",0,0,0,0,0,0,0.507871972321089,0,0.239556127657946,0.34253795912001,0.132023426619408,0.0330979076349068
"OTU_3610",0,0,0,0,0,0,0,0.4596637115601,0.318040162331022,0.326502925412162,0.159508847370319,0
"OTU_3615",0,0,0,0,0,0,0.268323444887287,0,0,0.276533221905296,0.171601532329005,0
"OTU_361",0,0,0,0,0,0,0,0,0.316797688064475,0.246251915545082,0.244440082724326,0
"OTU_36216",0.203286879990713,0.343055689190584,0.220178626589288,0.244756927780724,0,0.287146643680736,0.408679816893187,0.312185002394189,0.25201112368074,0.383628436185758,0.212155706442615,0.249558334477915
"OTU_362",0.154869792469419,0.0542890957124541,0.316618927549786,0,0,0,0,0,0,0,0,0
"OTU_3632",0,0,0,0,0,0,0,0.291753812754218,0.236532633650941,0.326975988013465,0.129460982201654,0
"OTU_3633",0.241399020365282,0.381081245110167,0,0,0.397443392927545,0.187144437110729,0.605129214021994,0.523517897410219,0.467089433685468,0,0,0
"OTU_3636",0,0,0,0,0,0,0.449837542571474,0,0.262390056069982,0.439935125013037,0.190441435039474,0.17291367060596
"OTU_363",0,0,0,0,0,0,0,0,0.138596342249252,0.229498606912603,0.0560362032046093,0
"OTU_3652",0,0,0,0,0,0,0.434045602218483,0,0,0.304472498730161,0.133617144735609,0
"OTU_3661",0,0,0,0,0,0,0.679805954944934,0.707338768862838,0.319388976554556,0,0,0
"OTU_3672",0.250368900039879,0.0492335800471699,0.168280106458075,0.0745073056331728,0.273493417624009,0.254461430195681,0,0,0,0,0,0
"OTU_3686",0,0,0,0,0,0,0.486410846553097,0.486788540028714,0.284001472640307,0.405568900855568,0.219019907314362,0
"OTU_3688",0,0,0,0,0,0,0,0.194691601150922,0.239030508896024,0.316253630605088,0.12603965054461,0.187600479725917
"OTU_36",0,0,0,0,0,0,0.371783832736178,0.273665515312618,0.219270496099528,0.304062565581027,0.113197663828839,0.176155868617084
"OTU_3737",0,0,0,0,0,0,0.331006235876034,0.194088216116153,0,0.355521837679616,0.208938918981005,0
"OTU_3757",0.0550117756357963,0.107130731239383,0.0303678345571451,0.223903873784232,0.0403452731509155,0.192684840379585,0.511222287617005,0.564683775084657,0.267267862293362,0.345069270519509,0.154998400844255,0.158644208103281
"OTU_382",0,0,0,0,0,0,0.469078638349116,0,0,0.349638187142166,0.132684986190436,0.254768972795958
"OTU_386",0,0,0,0,0,0,0.511897186122132,0.477963887906717,0,0,0.124258402806467,0
"OTU_3874",0,0,0,0,0,0,0,0,0.132738566771066,0.224584772505329,0.0824892308279705,0.0266453680927951
"OTU_3883",0,0,0,0,0,0,0.328886300234422,0.313602898929987,0.221276961140594,0.284587597876831,0.112590334911153,0.168696081653844
"OTU_38",0,0,0,0,0,0,0.263402087052766,0.399285519036084,0.206423656765486,0.243126670932445,0.0661253224238579,0.188230351643494
"OTU_391",0.0470492995411024,0.158918447547478,0.149691173205945,0.0692117443345788,0.0562325114505913,0.17574136240925,0.463846142125111,0.364146363224355,0.290472423990581,0.361585330320017,0.174275959049908,0.145519525767996
"OTU_392",0,0,0,0,0,0,0.431569002977236,0.407073171167886,0.105653183471987,0.264600901226645,0.113076580630326,0.145917900261091
"OTU_394",0,0,0,0,0,0,0,0.359430315052283,0.207926755786979,0.310336044588596,0.128809508397803,0
"OTU_3983",0.221412353915206,0.0280842645762124,0.536462912305309,0,0.122350750813548,0,0,0,0,0,0,0
"OTU_398",0,0,0,0,0,0,0.0921420963845054,0.106714227571467,0.143496669503213,0,0,0
"OTU_399",0,0,0,0,0,0,0,0.344490196811295,0,0.264476571877063,0.171335897848412,0.161558250466134
"OTU_39",0,0.148420326089496,0.12669796170634,0.256577805397449,0,0.215722902669949,0.41743267934422,0.427793952624914,0,0.394160046310116,0.172590624653475,0
"OTU_4027",0,0.44129008790937,0.131233053613472,0,0.0542611314406815,0,0,0,0,0,0,0
"OTU_402",0,0,0,0,0,0,0.517570972622403,0,0.0785220454298146,0.330792082099024,0.135226711636571,0.130880466697303
"OTU_404",0.285077682121055,0.27146185594447,0,0.169694897575166,0,0.272777155274216,0.375608113552128,0.317663104375826,0.234732273435255,0.294306905675078,0.186792589261822,0.46315797025259
"OTU_4057",0,0,0,0,0,0,0,0.527090610741277,0.126185282158889,0.386878883829091,0.231175262983074,0
"OTU_406",0,0,0,0,0,0,0,0.335909670020861,0,0.284351088066544,0.131845956036302,0.173119661641517
"OTU_408",0,0,0,0,0,0,0.296346021620659,0.18798305925274,0.202778872757251,0.262212220610843,0.100361150365996,0.175579828338976
"OTU_40",0,0,0,0,0,0,0.24191901435656,0.341779908878817,0.223929038710374,0.302123957105418,0.118459331145572,0.209226974929172
"OTU_4118",0,0,0,0,0,0,0.0777829784621065,0.411294625176526,0.201657472847409,0.28498397284251,0.110956176392787,0.0555633201526399
"OTU_413",0,0,0,0,0,0,0.489132981006706,0,0,0.352038550892824,0.253504597585355,0
"OTU_4164",0.227819341753536,0,0.183417494819177,0,0.125223413784993,0.206096115970601,0.589877194239269,0.443566625933459,0.30645995598374,0,0,0
"OTU_4178",0,0,0,0,0,0,0.393492878640068,0,0,0.213820176973656,0,0.135237265705339
"OTU_4193",0,0,0,0,0,0,0,0,0.160499873846759,0.302239058658306,0.0774987045842856,0
"OTU_41",0,0,0,0,0,0,0.409798846991178,0,0,0.330752418534205,0.151407462199494,0.176074801816307
"OTU_424",0,0,0,0,0,0,0.655312860719668,0.472572909547624,0.522164624695584,0.985511614257638,0,0
"OTU_427",0,0,0,0,0,0,0,0,0.144282770348417,0.197373106568129,0.0382275939882229,0.155930732066774
"OTU_42",0.239061016065737,0.42592517633354,0.0244750379362489,0.0934016936742162,0.206280502140575,0.206698266535158,0.656197392849752,0.381416164461255,0.249272299440694,0.40608294683481,0.40450187564305,0.0440376157459565
"OTU_4300",0,0,0,0,0,0,0.421627501645609,0.363862242582641,0,0,0.116664030020255,0.238836042435254
"OTU_430",0,0.195915201491389,0.147258554676164,0.0681036707236333,0.123583963132613,0,0.320561317351217,0.46344084676825,0.218374728215321,0,0.0715727649606735,0.149573998590542
"OTU_431",0,0,0,0,0,0,0,0.239127408185131,0.215653717834125,0.286846187624741,0.146798855325227,0.160615909382644
"OTU_432",0.380834614414488,0.504775898702211,0.197240894925539,0,0,0,0,0,0,0,0,0
"OTU_43697",0,0,0,0,0,0,0,0,0.204316378223406,0.259672027330773,0.0600570933371055,0
"OTU_4382",0,0,0,0,0,0,0,0.565773640935735,0,0.497627423861333,0.309297475665705,0
"OTU_43",0,0,0,0,0,0,0,0.634955249784315,0.355061858315047,0.712353277827917,0.403878102487646,0
"OTU_44246",0,0,0,0,0,0,0.0409925460584324,0.404122136816232,0.2224930340813,0.334415429605654,0.181326684834445,0.21503242315021
"OTU_442",0,0,0,0,0,0,0,0.4594424801528,0.249319261122103,0.292551252713236,0.132701771101956,0.157867492043776
"OTU_444",0,0,0,0,0,0,0.636978436067924,0.472023880475178,0.668056811645587,0,0,0
"OTU_445",0,0,0,0,0,0,0.350527152742248,0.34430533820838,0.172123077918654,0.244880285109121,0.0693639057683918,0.138300425094068
"OTU_4468",0,0.41979528359354,0.141780245574346,0.353356543793804,0.0519935144636293,0.1871982991045,0,0,0,0,0,0
"OTU_450",0.16740508521397,0.0841122608678128,0.642084488761571,0,0.237887686383004,0,0,0,0,0,0,0
"OTU_4519",0,0,0,0,0,0,0.338558883605581,0,0,0.28465383962778,0.0684981644373463,0
"OTU_453",0,0,0,0,0,0,0.344468414955473,0.389883081360288,0.2609365815037,0.39859166250176,0.172674042425638,0.0173738889982368
"OTU_4556",0.240509925301764,0.0636197093479185,0.0765751274349135,0,0.109792310060729,0.241781667261047,0.736768986235976,0.352926582882876,0.421682585879081,0,0,0
"OTU_456",0,0,0,0,0,0,0.559394436465457,0.29865035472336,0.190571135462051,0.303818411592615,0.103269897370522,0
"OTU_460",0,0,0,0,0,0,0.41977487995171,0.231416235885659,0.122239860173757,0.331494466088299,0.0933762552922428,0.2072699697457
"OTU_461",0,0,0,0,0,0,0,0.567514608716873,0.33118769708763,0,0.175230286473729,0
"OTU_463",0,0,0,0,0,0,0,0,0.0964858401100819,0.279505682336869,0.12828135634161,0.114236759632067
"OTU_469",0,0,0,0,0,0,0.475137347441826,0.529705468264295,0.348127885157624,0.428920340384055,0.21850881188607,0.2583822376244
"OTU_47",0,0,0,0,0,0,0.577671255272205,0.402931719602265,0.594515878407537,0,0,0
"OTU_481",0.431945038628423,0.257047558469135,0.412447354581099,0.408132278201603,0.212328627742995,0.200407643989579,0.882792753802333,0.524897321131891,0.357633194852609,0.660298529541925,0,0.0675603264318114
"OTU_486",0,0,0,0,0,0,0,0.484274295477609,0.154955416926199,0.347323095386891,0.138648733308592,0
"OTU_488",0.0453640918019793,0.229717707793389,0.152028159790839,0,0.30590203892544,0.0806730056418303,0,0,0,0,0,0
"OTU_48",0,0,0,0,0,0,0.460573095646618,0.209222678800419,0.238018555070226,0.339697432249578,0.141565244105079,0.202110292392944
"OTU_492",0,0,0,0,0,0,0.375552307763169,0.337493554292318,0.0907027158658228,0,0.0355919924210546,0.206769843304287
"OTU_49431",0,0,0,0,0,0,0,0.253749394453473,0.147658672716378,0.226122494937985,0.0524848255635729,0
"OTU_4969",0,0,0,0,0,0,0,0.04217343628174,0.182529172314065,0.278556328501287,0.0324528198984254,0
"OTU_4986",0,0,0,0,0,0,0.449631337692693,0.439179143208551,0.327231763305309,0,0.211494822169996,0
"OTU_498",0,0,0,0,0,0,0,0.00724284983809477,0,0.287981115069857,0.143503937864443,0
"OTU_4",0.284161294938834,0.126583705816723,0.141570591851505,0,0.230981743501474,0.105080792968345,0.551635829550421,0.419457980289583,0.507153129835542,0.428736021303197,0.368776366122898,0
"OTU_500",0,0,0,0,0,0,0.352756925380043,0,0.16462602385368,0.274871498901824,0.0644845914635947,0
"OTU_501",0.19843594469982,0.0998456711784294,0.130302655513029,0.0572479435357786,0.0590903476376391,0.230035562341461,0.326720212547345,0.263657775809456,0.249408943970573,0.345241046844963,0.147479725821546,0.16397006864847
"OTU_502",0.209958031036769,0.227527432628485,0.289401113410426,0,0.0995027545078399,0.182922594782823,0.598279996598811,0.473818866726101,0.624776616085778,0,0,0
"OTU_504",0,0,0,0,0,0,0.442720383612546,0.604682897822871,0.179747989633004,0,0.195832997056609,0.250995190719751
"OTU_507",0.248093573756382,0.331888422613541,0.162030655613856,0,0.13470402973704,0.124075838574237,0.565068724063003,0.443677695990993,0.497881314799967,0.576841942252253,0.304063451801261,0
"OTU_50",0,0,0,0,0,0,0.312337281951842,0.143738833184319,0.183559140411225,0.392791690070622,0.200159197753513,0
"OTU_513",0,0,0,0,0,0,0,0.528288755720659,0.23377542386291,0.287336458421805,0.128189671590043,0
"OTU_51507",0,0,0,0,0,0,0.636947465495894,0.315825064290361,0.391799450126628,0,0,0
"OTU_5158",0,0,0,0,0,0,0.484710139915377,0.250779986797086,0.567877635539972,0.607933175052406,0,0
"OTU_51",0,0,0,0,0,0,0.520466544106059,0.411833659630286,0,0.23210167756894,0.0593817374956696,0
"OTU_520",0,0.25671920506599,0.218937912148668,0.0952615452883241,0,0.254710042273452,0,0.465997975719325,0.268365663668415,0.400920520681918,0.178404406496143,0.317876831115774
"OTU_5234",0,0,0,0,0,0,0.54430141510709,0.623727061987777,0,0,0,0.45289873516222
"OTU_52467",0,0,0,0,0,0,0,0.23939765640822,0.147975881421155,0.772739714906307,0,0
"OTU_5255",0,0,0,0,0,0,0,0,0.327505938560342,0.459243862799116,0.187227900805235,0
"OTU_526",0,0,0,0,0,0,0.265337423791001,0.293575856811457,0.217372952888059,0,0.102791045403027,0.242638398748885
"OTU_5294",0,0,0,0,0,0,0,0.433176759421258,0.198198457367825,0.305494495303045,0.0895601722632868,0.118185608321425
"OTU_5317",0,0,0,0,0,0,0.342397564053095,0.536050258016627,0.30552838620549,0.456630832619523,0.247036812020728,0.244572027119514
"OTU_533",0.200390142143953,0.124014570678364,0.312946055389983,0,0.222347256229572,0.194605180844038,0,0,0,0,0,0
"OTU_5355",0,0,0,0,0,0,0.215977360304196,0.255670288370048,0.207177726103577,0.278015461468878,0.0937258093786387,0.0704117458517447
"OTU_5374",0.276714166756291,0,0.199734227262282,0.00827099059695692,0.196796512417809,0.133740275139162,0.737488674750252,0.348228613583958,0.329570389474629,0,0,0
"OTU_542",0,0.110133193546721,0,0.10651360502633,0.148828875059475,0,0.443773273003256,0.396447412833385,0.24744083337603,0.306305496785148,0.153510903188952,0.193105186093466
"OTU_5433",0,0,0,0,0,0,0,0,0.272580078241022,0.395224296382896,0.213798329666248,0
"OTU_5461",0,0.224208131193867,0.172279179275515,0,0.073459668703624,0,0,0,0.156784760902061,0.392295294004021,0.169249912973457,0
"OTU_5498",0,0,0,0,0,0,0,0.370552837210729,0,0.315908374752201,0.175381039268173,0.0972645942402849
"OTU_54",0,0,0,0,0,0,0.304590426639079,0.398814584279031,0.176919117422204,0.322856580609827,0.125708237293615,0.169895417714126
"OTU_5517",0,0,0,0,0,0,0,0.429360095733601,0.359040349111098,0.429136681350821,0.225686859916803,0
"OTU_551",0,0.242331496624913,0.12870489626206,0.0105193858313867,0,0,0.566750024842289,0,0.201059308673596,0.358650217102116,0.157102719831167,0.17138194853223
"OTU_5532",0,0,0,0,0,0,0.228311272806738,0.370261928235121,0,0.271179314077158,0,0.121785129214121
"OTU_55726",0,0,0,0,0,0,0,0.387719387733816,0,0.280527641923188,0.155062759229018,0
"OTU_557",0.0464640020481614,0.361265944508073,0.246696221646161,0.115060140178871,0,0,0,0,0,0,0,0
"OTU_5596",0,0,0,0,0,0,0.406923839692548,0.250386150791557,0.173076426813559,0.314528651648684,0.200268759677246,0
"OTU_55",0,0,0,0,0,0,0,0,0,0.373705026460741,0.318397404291479,0.0148287494345395
"OTU_5625",0,0,0,0,0,0,0,0.329469496018531,0.157340068478187,0.258160202886455,0.0351728502838755,0
"OTU_565",0,0,0,0,0,0,0,0.407659245152842,0.142728389827914,0.221307958735388,0.063565017336097,0.137184670265387
"OTU_567",0,0.17170437651592,0.186729640769617,0.305754960629302,0,0.18109571141185,0,0.619042629325058,0.360431856818079,0.366233521651449,0.245596441177202,0
"OTU_569",0,0,0,0,0,0,0,0.152272497475491,0.211312130396959,0.267527287730114,0.079065744221048,0.0747507716920246
"OTU_5779",0,0,0,0,0,0,0.386614229120105,0.722359940802033,0,0.373672630377184,0.257356019830689,0
"OTU_5799",0,0,0,0,0,0,0.62596168320619,0.29760146463652,0.334843573535744,0,0,0
"OTU_57",0,0,0,0,0,0,0.644159523634655,0.381424638035216,0.911130642007813,0,0,0
"OTU_5803",0,0.201425201507309,0.147851571788113,0.171712939841575,0,0,0,0.380154601453677,0,0.353717312547864,0.176613514650098,0
"OTU_58383",0,0,0,0,0,0,0,0.207412502882552,0.322825271561291,0,0.140471060290917,0
"OTU_58",0,0,0,0,0,0,0.377513159135374,0.391774295827861,0.317527530720795,0.505356331359018,0.215521337113552,0
"OTU_5907",0,0,0,0,0,0,0.493308122594035,0,0.384934110777427,0.315350935947634,0.142866269591085,0.0114796726177324
"OTU_5913",0.230271518949283,0.0360258624765551,0,0,0.268619362519499,0.109802748801967,0,0,0,0,0,0
"OTU_59",0,0,0,0,0,0,0.558304380494313,0.406355528157785,0.291963899223109,0.390488997112003,0.247668817138174,0
"OTU_60377",0,0,0,0,0,0,0,0,0.210346859516749,0.328689778122725,0.176431125428993,0.143432418328436
"OTU_604",0,0,0,0,0,0,0,0.391217878165714,0,0.212007102932877,0.101912849469208,0.0544386509512602
"OTU_606",0,0,0,0,0,0,0,0,0.139637440194654,0.371120561477471,0.178655020658352,0
"OTU_608",0,0,0,0,0,0,0.253816475277383,0,0.186231699925762,0.146201813388927,0.0381641835997754,0.0641761013161746
"OTU_60",0.0781877931515081,0.124190267726055,0.117682602410792,0.102771524450831,0,0.0673900127418341,0.444763796999408,0.287914418615835,0.238365098910317,0.330227426582587,0.117349315134409,0.215627685893948
"OTU_611",0,0,0,0,0,0,0,0.325841165457675,0,0.234249618356317,0.0826556960045971,0
"OTU_61576",0,0,0,0,0,0,0.394786094176314,0.496290222740212,0.276993284918896,0,0.1515680703788,0.0517203668735153
"OTU_6165",0,0,0,0,0,0,0.607415646540744,0.391016642157129,0.258707631701473,0,0.382674991223524,0
"OTU_6182",0,0,0,0,0,0,0.484084263206704,0.586517705759521,0,0,0,0.118529933463543
"OTU_6191",0,0,0,0,0,0,0.312756425518093,0,0.186226805346008,0.197321632277309,0.0324166203843372,0.081508535872674
"OTU_6263",0.162756655652933,0.0645060633964716,0.0576147510214768,0.0986828052560415,0.0328952163279866,0.142750984310874,0.313728385213006,0,0.204532965365443,0.274614926343043,0.100279443490982,0.0990067960263538
"OTU_629",0,0.248813002188048,0,0,0,0.140555663657976,0,0,0,0,0,0
"OTU_62",0,0,0,0,0,0,0,0.648362691205045,0,0.351116066709183,0.228624108734672,0
"OTU_63064",0,0,0,0,0,0,0,0.361959714643559,0.274056053975779,0.159439763724794,0.0932220465743668,0.172354080586427
"OTU_641",0,0,0,0,0,0,0.625174084745431,0.441234840176973,0.301070250568404,0,0.475111811554272,0
"OTU_644",0.183173419293727,0.107856964658234,0.092871183541482,0.112857891920066,0,0.125218172689544,0.119225541492813,0.326482156732708,0.228226896834608,0.344723098924308,0.139960636885056,0.19444459035903
"OTU_6479",0.165447031815273,0.0976344090379246,0.0905828317394981,0.136247403348668,0,0.195677895650748,0.203042415516165,0.418070219813942,0.219040516855003,0.276434050206805,0.104351592256738,0.126820139647783
"OTU_6490",0,0.306856936882718,0.156694953611507,0.240580552502919,0.0703671811769623,0,0,0.373060986171521,0.257243520466596,0.415937579733668,0.225464165482181,0.325748287965919
"OTU_64",0,0,0,0,0,0,0.309626348925728,0.245789546483826,0.195093890956832,0.317160035572376,0.0787400580944687,0.237543476474099
"OTU_6503",0,0.235314369780278,0.199834957896585,0.213612494679493,0,0,0,0,0,0,0,0
"OTU_6569",0,0,0,0,0,0,0.28691357977161,0.306917350390386,0.149963470618232,0.268539429466708,0.0779786071046205,0.122150735002324
"OTU_659",0,0,0,0,0,0,0.382250122878644,0.465840657366666,0.269470310328351,0.329787397178538,0.163844879046429,0.187601116228776
"OTU_666",0,0,0,0,0,0,0.750651648420425,0.505745258935628,0,0.430180344990421,0.472257472579632,0.216247312843781
"OTU_66942",0,0,0,0,0,0,0,0,0,0.354304885738166,0.118883847144057,0.25291083356186
"OTU_669",0,0,0,0,0,0,0,0.500913502147952,0.150388360933702,0.353800524421172,0.179073092555363,0.120922678003933
"OTU_66",0.108987079582446,0.0206573920574331,0.0846096478231672,0.101280983547503,0.167587404458125,0.0860832994632485,0.229541986450834,0.328236102291608,0.237106803706364,0.276303437397906,0.108535071796369,0.194347154815636
"OTU_67260",0,0,0,0,0,0,0,0.371672606794266,0.306085328085165,0.328041497658685,0.158276868259985,0
"OTU_672",0,0,0,0,0,0,0,0.304846580164486,0,0.330669414643724,0.106841185376537,0.229078979664821
"OTU_678",0,0,0,0,0,0,0.438811699679002,0.458059654384299,0.217751115030673,0.366166567266466,0.109070419867681,0.168576489114069
"OTU_6792",0,0,0,0,0,0,0.334198504879229,0.491584384871397,0.00448705884311918,0.327201007567836,0.164546126830731,0.092839146299905
"OTU_6797",0,0,0,0,0,0,0,0,0.0559132296701611,0.234580750144304,0.145133017045896,0.0658754347235351
"OTU_6815",0.238819010380082,0.128432472274985,0.142520772000816,0,0.277279368873069,0.0655904603684596,0.560743122397897,0.418170695609438,0.360378490653859,0.376229862192268,0.376411853333299,0
"OTU_682",0,0,0,0,0,0,0.255411545597163,0.368622516858519,0.14215409635291,0.255524617620638,0.0719867897307999,0.0827446726830452
"OTU_6838",0,0,0,0,0,0,0,0,0.266836287735996,0.312142573539185,0.122947647692371,0
"OTU_6839",0,0,0,0,0,0,0.189425021484997,0.228562426940354,0.208470566482084,0.299638099936716,0.0959016527390793,0.151169099053398
"OTU_6872",0,0,0.363638388241651,0,0.139563766419559,0.267389957901516,0.686118578354639,0.534545825065926,0.364968008297744,0,0.58353210584764,0
"OTU_6898",0,0,0,0,0,0,0,0,0,0.214872885470761,0.0572474649682725,0.101529811850788
"OTU_68",0.418740994706222,0.464648468711646,0.199767882244539,0.0109737562639473,0.226531986774327,0.0629630513092889,0.669743973483858,0.570694306232289,0.472099306086761,0,0,0
"OTU_6941",0.201203992242973,0.172393931091402,0.319068469767125,0,0.00185892382254246,0.226622074231127,0.630908649441233,0.443101779980707,0.302591905997942,0,0,0
"OTU_6",0,0,0,0,0,0,0.537184329466435,0.394654989953729,0.458297678752063,0.500717968567619,0.640893570822562,0.648707636854725
"OTU_703",0,0,0,0,0,0,0,0,0,0.255258175571484,0.0852625067553051,0.310749224471998
"OTU_719",0,0,0,0,0,0,0,0,0.289459036301362,0.309918132350853,0.134940627685043,0.261591676966171
"OTU_71",0,0,0,0,0,0,0.402651901102684,0.387885415594555,0.115476555871611,0.211629784857442,0.0607191396625451,0.0360078920636849
"OTU_729",0,0,0,0,0,0,0.373553590669857,0,0,0.247797335719233,0.0979882592373729,0
"OTU_731",0,0.241414646368273,0.12407982000801,0.117723109465314,0.112986784639767,0,0,0.412874418258898,0.196130386376238,0.321198880934651,0.141117187032444,0
"OTU_736",0,0,0,0,0,0,0.259377882695154,0.28416748499181,0.090372902157799,0.238592793152267,0.024186796136604,0.0535792027042419
"OTU_73",0,0,0,0,0,0,0.449474711619591,0.342641286270693,0.258028450938418,0.354623030914458,0.186910412459451,0.239957857943729
"OTU_741",0,0,0,0,0,0,0.37986915007721,0,0.2503740527269,0.356581266003502,0.137818655448266,0
"OTU_742",0.120274168827162,0.278814335176846,0.0635958628461015,0.111796419557344,0,0,0,0.508072785624788,0.341316455676141,0.402007107748126,0.177317942652551,0
"OTU_74324",0,0,0,0,0,0,0,0.602085831249144,0.245285030413798,0.301687673126185,0.145483382523917,0
"OTU_7462",0,0,0,0,0,0,0.269678030133577,0.231906036979469,0,0,0.0247997150253278,0
"OTU_74",0,0,0,0,0,0,0,0.599429270427761,0.43094089673603,0.397359934947122,0,0
"OTU_751",0,0,0,0,0,0,0,0.477067797655466,0.398424233025138,0.410429082621369,0.469361104477645,0
"OTU_757",0,0,0,0,0,0,0.188897174269519,0.439509008438681,0.269404272575158,0.423624503312498,0.143903382712963,0.168733529765899
"OTU_75",0,0,0,0,0,0,0.395761610424214,0.424720209056173,0.236991849264465,0.268845595717364,0.106965556536821,0.200733669717081
"OTU_7713",0.25370991062294,0.0497180627887339,0.300658408453989,0,0,0.174619042737199,0,0,0,0,0,0
"OTU_771",0.206576274140333,0.0731376742714931,0.0345980020059276,0,0.326386660171704,0.0944887102399029,0.600944838993999,0.443655564902986,0.331265052431358,0,0,0
"OTU_772",0,0,0,0,0,0,0,0,0.267331009509588,0.209692532834758,0.140531170021076,0.209050095097727
"OTU_7772",0.181805094382881,0.108308017352181,0.0657734614783808,0.121344600806707,0,0.0883374250899025,0.188908088443136,0.414590675764503,0.183122497017143,0.292467046521923,0.112638709694377,0.119807140362547
"OTU_777",0,0,0,0,0,0,0,0.428690625757941,0.200209406748764,0.265543723782666,0.123757913464151,0.181220872612823
"OTU_7787",0,0,0,0,0,0,0,0.458908090321092,0.307644330800462,0.346593477176415,0.144150777110296,0.277924708605771
"OTU_782",0,0,0,0,0,0,0.445032253004808,0.3528984689129,0.276729314582817,0.327345467349799,0.160158786631267,0
"OTU_7839",0,0,0,0,0,0,0.991785399354243,0.349343116530345,0,0.610095172843061,0,0
"OTU_787",0.177786583177253,0,0.138178757163261,0,0.0595142564866292,0.102990656212681,0.572424455413998,0.362268558726982,0.470265932463231,0,0,0
"OTU_78",0,0,0,0,0,0,0,0.39759436177667,0.271863315701312,0.388199472469971,0.156262541526861,0
"OTU_7933",0,0,0,0,0,0,0,0.400594264852693,0,0.33240472008283,0.0364339693099707,0
"OTU_796",0,0,0,0,0,0,0.501590630684659,0.541592998171495,0,0.332951277221425,0,0
"OTU_7",0,0,0,0,0,0,0.355966515325229,0.437079747865236,0.224727427536167,0.340238117161857,0.127722850865188,0
"OTU_800",0,0.488065601163116,0.237181510961475,0,0.315863937217782,0,0,0,0,0,0,0
"OTU_804",0,0,0,0,0,0,0.646071629525063,0.460059682307986,0.22024408126529,0.972760430412411,0,0
"OTU_805",0.24220710795691,0.335551389718918,0.37762988353738,0,0.105971092911981,0,0,0,0,0,0,0
"OTU_81390",0,0,0,0,0,0,0.369484550687332,0.441707152100668,0,0.324361803362038,0.150025378995664,0.136693127120705
"OTU_815",0,0,0,0,0,0,0.440713020134483,0,0,0.306699080687713,0.116137863734615,0
"OTU_820",0,0.300735155441437,0.0705544590763614,0.0752977649535213,0.0596855566627472,0.322505098262455,0.255400947261703,0,0.308079816645419,0.414754190699983,0.218198527088286,0.250363671648512
"OTU_821",0.242581326587539,0,0.254223484823579,0.0385454796830229,0.169847639184921,0.141917593525645,0,0.4030958504714,0.456041071700724,0.461810709398787,0,0
"OTU_822",0,0,0,0,0,0,0,0.268905118051824,0.286369327264152,0.40061109154702,0.109129791783885,0
"OTU_833",0,0,0,0,0,0,0.36231071912481,0.319036544870787,0.169314578919675,0,0.133596084940992,0.159992215062721
"OTU_841",0,0,0,0,0,0,0,0.462350817411898,0.355505737510526,0.454896783170189,0.265981447034268,0
"OTU_8482",0,0,0,0,0,0,0,0.60732143302697,0.390200485239334,0.496723638194462,0.339207532584866,0
"OTU_852",0,0,0,0,0,0,0.501041062784237,0.462897954440876,0.297225770462265,0.405864402512675,0.223078394676948,0.254956932653269
"OTU_859",0,0,0,0.103969674415556,0.18616769281474,0.152993516868654,0,0,0,0,0,0
"OTU_85",0,0,0,0,0,0,0.323909045063942,0.248871905966064,0.259404951664286,0.308356534231366,0.125084556506312,0.137442779871473
"OTU_862",0,0,0,0,0,0,0.426550266145936,0.467807037111883,0.243095428241596,0.328571737223691,0.099857292944176,0
"OTU_863",0,0,0,0,0,0,0.384614920393441,0.394302457502093,0,0.284773798915759,0.07559364283948,0.205762196936157
"OTU_869",0,0,0,0,0,0,0.741836923353769,0.377031986985477,0.322719777033535,0,0,0
"OTU_86",0,0,0,0,0,0,0.556762954557859,0.446291854425005,0.250621835562265,0.355725580630544,0.171891856985201,0.239296123894104
"OTU_8753",0,0,0,0,0,0,0.746253825496136,0.706813412996663,0.583466420851295,0.633421179742746,0.53437760070406,0
"OTU_878",0,0.274819001189726,0,0.177081097762718,0.237692392357182,0,0,0.231774000556841,0.183316197556426,0.315188853489695,0.162046764948417,0
"OTU_87",0.0900914718941983,0.232634489532951,0,0,0.0669121300451301,0.160144119376033,0,0,0,0,0,0
"OTU_881",0,0,0,0,0,0,0.761861514750568,0.558865289364818,0,0.877511352142926,0,0
"OTU_893",0.295091082397792,0,0.264647562193872,0.356728006477857,0.119170649370688,0,0,0.641592515045926,0.300310323846891,0.3685496226394,0.169400693457534,0.301910759173927
"OTU_8947",0,0,0,0,0,0,0,0.35256815794411,0,0,0.0696930221191429,0.172789367281406
"OTU_896",0,0,0,0,0,0,0.272048729491456,0.327750664440884,0.0923435884059425,0.281860467476271,0.0675393433239178,0.109613515960242
"OTU_9020",0,0,0,0,0,0,0.524837586944421,0.466193728146094,0.354136646690172,0.400558889403345,0.190230447666925,0.160089262013808
"OTU_9094",0,0,0,0,0,0,0,0,0,0.284826880185926,0.29226145690119,0.188961399509618
"OTU_9095",0,0,0,0,0,0,0.293906492122003,0.344386628992202,0.271835001398638,0.320618451697841,0.153860361117273,0.219676056856774
"OTU_90",0,0,0,0,0,0,0.136794827772767,0.176747164634151,0,0.409031373710137,0.206405146278658,0
"OTU_910",0,0,0,0,0,0,0,0,0,0.232206997534848,0.0581320079236167,0.194597316984741
"OTU_914",0.252318323566869,0.267464568819073,0.297685681438894,0.233285408863402,0.211394271448479,0,0.57239556805835,0.622855513718349,0.454462177759054,0.49179364673352,0.279660960438313,0
"OTU_9171",0,0,0,0,0,0,0,0.443796170011366,0.272535615706094,0.427791047580112,0.253633063240333,0
"OTU_920",0,0,0,0,0,0,0.249320490856986,0.311405819428821,0.243435328270311,0.317988595764285,0.126527390798075,0.223642773002023
"OTU_928",0,0,0,0,0,0,0,0.343237889409433,0.209284344582472,0.236039312342702,0.184903636153893,0
"OTU_941",0,0,0,0,0,0,0.100460645753533,0.559755335144237,0,0.298639360014859,0.106606152406375,0
"OTU_94460",0,0,0,0,0,0,0,0.41158227754589,0.202627774417229,0.248100289016401,0.0885273029455565,0
"OTU_9525",0,0,0,0,0,0,0.65921335340567,0.439221564972701,0.434185229789506,0.435243793706898,0,0
"OTU_95",0,0,0,0,0,0,0.444992334949659,0.390910593080933,0.18695523921455,0.266826224371471,0.0878860647045672,0.185340347689791
"OTU_961",0,0,0,0,0,0,0.329635549691798,0.203552530795186,0,0.341350763817758,0.130617777930948,0
"OTU_967",0,0,0,0,0,0,0.570941335806084,0.533640968805634,0.392061241442034,0.68002996049385,0.368144372722644,0.335740057721463
"OTU_976",0,0,0,0,0,0,0,0,0.189138157752677,0.235741643409523,0.0239107865702422,0.0709517325114905
"OTU_9788",0,0,0,0,0,0,0.344707447186836,0,0,0.372161486946249,0.125615227652255,0.316059044302054
"OTU_97",0,0,0,0,0,0,0.551067473112684,0.399376481893103,0.168510727871372,0.342045280064266,0.183435814899934,0
"OTU_9800",0,0,0,0,0,0,0,0,0.279457328435466,0.365017615484158,0.137962318967603,0
"OTU_984",0,0.150289252854918,0,0.195975474251426,0.154073533194982,0,0,0,0,0,0,0
"OTU_998",0,0,0,0,0,0,0.305748993458588,0,0.304428410359067,0,0.158353177300543,0
"OTU_99",0.340927794950948,0.0975240364524615,0.0158309249319338,0.0673351000539343,0,0.0794643710918461,0.101042031977172,0.440908377366104,0.20359393298962,0.314858362051961,0.122922572728932,0.0108776735751459
